{
	"format_version": "1.12.0",
	"minecraft:geometry": [
		{
			"description": {
				"identifier": "geometry.golisopodronin",
				"texture_width": 256,
				"texture_height": 128,
				"visible_bounds_width": 8,
				"visible_bounds_height": 5,
				"visible_bounds_offset": [0, 1.5, 0]
			},
			"bones": [
				{
					"name": "golisopodronin",
					"pivot": [0, 0, 0]
				},
				{
					"name": "body",
					"parent": "golisopodronin",
					"pivot": [0, 36, -2]
				},
				{
					"name": "torso",
					"parent": "body",
					"pivot": [0, 20.5, -0.5],
					"cubes": [
						{"origin": [-7, 16, -7.5], "size": [14, 9, 15], "uv": [51, 8]}
					]
				},
				{
					"name": "horn_left7",
					"parent": "torso",
					"pivot": [6.35, 21.25, -6.9],
					"rotation": [59.99044, -44.9115, -2.41141],
					"cubes": [
						{"origin": [5.35, 21.25, -6.9], "size": [2, 3, 2], "uv": [70, 99]}
					]
				},
				{
					"name": "bone10",
					"parent": "horn_left7",
					"pivot": [6.35, 24.25, -6.9],
					"rotation": [-27.5, 0, 0],
					"cubes": [
						{"origin": [5.85, 24.25, -6.9], "size": [1, 2, 1], "uv": [72, 100]},
						{"origin": [6.35, 26.25, -6.9], "size": [0, 2, 1], "pivot": [6.85, 26.25, -6.9], "rotation": [-27.5, 0, 0], "uv": [72, 100]}
					]
				},
				{
					"name": "horn_right7",
					"parent": "torso",
					"pivot": [-6.35, 21.25, -6.9],
					"rotation": [59.99044, 44.9115, 2.41141],
					"cubes": [
						{"origin": [-7.35, 21.25, -6.9], "size": [2, 3, 2], "uv": [70, 99], "mirror": true}
					]
				},
				{
					"name": "bone12",
					"parent": "horn_right7",
					"pivot": [-6.35, 24.25, -6.9],
					"rotation": [-27.5, 0, 0],
					"cubes": [
						{"origin": [-6.85, 24.25, -6.9], "size": [1, 2, 1], "uv": [72, 100], "mirror": true},
						{"origin": [-6.35, 26.25, -6.9], "size": [0, 2, 1], "pivot": [-6.85, 26.25, -6.9], "rotation": [-27.5, 0, 0], "uv": [72, 100], "mirror": true}
					]
				},
				{
					"name": "torso2",
					"parent": "torso",
					"pivot": [0, 25.5, 2],
					"rotation": [-7.5, 0, 0],
					"cubes": [
						{"origin": [-4.5, 25.5, 5.5], "size": [9, 9, 6], "uv": [198, 20]},
						{"origin": [-6, 23, -2.5], "size": [12, 11, 9], "uv": [150, 0]}
					]
				},
				{
					"name": "torso3",
					"parent": "torso2",
					"pivot": [0, 32, 6],
					"rotation": [17.5, 0, 0],
					"cubes": [
						{"origin": [-7.5, 31, -3], "size": [15, 10, 10], "uv": [198, 0]},
						{"origin": [-7.5, 32, 7], "size": [15, 7, 6], "uv": [101, 49]}
					]
				},
				{
					"name": "skirt_back2",
					"parent": "torso3",
					"pivot": [0, 33, 12.5],
					"rotation": [27.5, 0, 0],
					"cubes": [
						{"origin": [-7, 23, 12.5], "size": [14, 10, 0], "uv": [228, 30]}
					]
				},
				{
					"name": "skirt_back5",
					"parent": "skirt_back2",
					"pivot": [0, 23, 12.5],
					"cubes": [
						{"origin": [-7, 13, 12.5], "size": [14, 10, 0], "pivot": [0, 23, 12.5], "rotation": [35, 0, 0], "uv": [172, 61]}
					]
				},
				{
					"name": "shell_left9",
					"parent": "torso3",
					"pivot": [7.5, 33.5, 6],
					"rotation": [16.15359, -51.3798, -12.75141],
					"cubes": [
						{"origin": [7.5, 32.5, 6], "size": [8, 6, 0], "uv": [198, 49]}
					]
				},
				{
					"name": "shell_left10",
					"parent": "shell_left9",
					"pivot": [15.5, 35.5, 6],
					"rotation": [0, -42.5, 0],
					"cubes": [
						{"origin": [15.5, 32.5, 6], "size": [10, 6, 0], "uv": [125, 20]}
					]
				},
				{
					"name": "shell_right9",
					"parent": "torso3",
					"pivot": [-7.5, 33.5, 6],
					"rotation": [16.15359, 51.3798, 12.75141],
					"cubes": [
						{"origin": [-15.5, 32.5, 6], "size": [8, 6, 0], "uv": [229, 78]}
					]
				},
				{
					"name": "shell_right10",
					"parent": "shell_right9",
					"pivot": [-15.5, 35.5, 6],
					"rotation": [0, 42.5, 0],
					"cubes": [
						{"origin": [-25.5, 32.5, 6], "size": [10, 6, 0], "uv": [152, 30]}
					]
				},
				{
					"name": "torso4",
					"parent": "torso3",
					"pivot": [0, 38.5, 5],
					"rotation": [30, 0, 0],
					"cubes": [
						{"origin": [-9.5, 37.5, -4.5], "size": [19, 10, 13], "uv": [0, 0]},
						{"origin": [-9.5, 38.5, 8.5], "size": [19, 6, 5], "uv": [94, 0]},
						{"origin": [-6.5, 37.5, 13.5], "size": [13, 1, 0], "uv": [66, 55]},
						{"origin": [-6.5, 44.5, 13.5], "size": [13, 1, 0], "uv": [51, 7]}
					]
				},
				{
					"name": "skirt_back3",
					"parent": "torso4",
					"pivot": [0, 38.5, 13.5],
					"rotation": [35, 0, 0],
					"cubes": [
						{"origin": [-7, 32.72015, 13.55292], "size": [14, 6, 0], "uv": [228, 34]}
					]
				},
				{
					"name": "skirt_back4",
					"parent": "skirt_back3",
					"pivot": [0, 32.45279, 13.52103],
					"cubes": [
						{"origin": [-7, 22.65351, 13.70051], "size": [14, 10, 0], "pivot": [0, 32.45279, 13.52103], "rotation": [35, 0, 0], "uv": [172, 61]}
					]
				},
				{
					"name": "segment",
					"parent": "torso4",
					"pivot": [0, 44.5, 1.5],
					"rotation": [-40, 0, 0],
					"cubes": [
						{"origin": [-10, 41.5, -5], "size": [20, 12, 7], "uv": [54, 57]},
						{"origin": [-10, 53.5, 2], "size": [20, 0, 7], "uv": [44, 0]},
						{"origin": [-10, 45.5, 2], "size": [0, 8, 4], "uv": [0, 79]},
						{"origin": [10, 45.5, 2], "size": [0, 8, 4], "uv": [0, 53]}
					]
				},
				{
					"name": "horn_right5",
					"parent": "segment",
					"pivot": [-9.9, 51.5, -1.5],
					"rotation": [-12.09004, 77.6078, -58.72344],
					"cubes": [
						{"origin": [-10.9, 51.5, -1.5], "size": [2, 3, 2], "uv": [70, 99], "mirror": true}
					]
				},
				{
					"name": "bone9",
					"parent": "horn_right5",
					"pivot": [-9.9, 54.5, -1.5],
					"rotation": [-27.5, 0, 0],
					"cubes": [
						{"origin": [-10.4, 54.5, -1.5], "size": [1, 2, 1], "uv": [72, 100], "mirror": true},
						{"origin": [-9.9, 56.5, -1.5], "size": [0, 2, 1], "pivot": [-10.4, 56.5, -1.5], "rotation": [-27.5, 0, 0], "uv": [72, 100], "mirror": true}
					]
				},
				{
					"name": "horn_left5",
					"parent": "segment",
					"pivot": [9.9, 51.5, -1.5],
					"rotation": [-12.09004, -77.6078, 58.72344],
					"cubes": [
						{"origin": [8.9, 51.5, -1.5], "size": [2, 3, 2], "uv": [70, 99]}
					]
				},
				{
					"name": "bone8",
					"parent": "horn_left5",
					"pivot": [9.9, 54.5, -1.5],
					"rotation": [-27.5, 0, 0],
					"cubes": [
						{"origin": [9.4, 54.5, -1.5], "size": [1, 2, 1], "uv": [72, 100]},
						{"origin": [9.9, 56.5, -1.5], "size": [0, 2, 1], "pivot": [10.4, 56.5, -1.5], "rotation": [-27.5, 0, 0], "uv": [72, 100]}
					]
				},
				{
					"name": "segment2",
					"parent": "segment",
					"pivot": [0, 51.5, -5],
					"cubes": [
						{"origin": [-9, 42, -13], "size": [18, 11, 9], "uv": [0, 57]}
					]
				},
				{
					"name": "horn_left4",
					"parent": "segment2",
					"pivot": [8.65, 51.5, -9.5],
					"rotation": [-57.93611, -79.21727, 98.96268],
					"cubes": [
						{"origin": [7.65, 51.5, -9.5], "size": [2, 3, 2], "uv": [70, 99]}
					]
				},
				{
					"name": "bone7",
					"parent": "horn_left4",
					"pivot": [8.65, 54.5, -9.5],
					"rotation": [-27.5, 0, 0],
					"cubes": [
						{"origin": [8.15, 54.5, -9.5], "size": [1, 2, 1], "uv": [72, 100]},
						{"origin": [8.65, 56.5, -9.5], "size": [0, 2, 1], "pivot": [9.15, 56.5, -9.5], "rotation": [-27.5, 0, 0], "uv": [72, 100]}
					]
				},
				{
					"name": "horn_left6",
					"parent": "segment2",
					"pivot": [-8.65, 51.5, -9.5],
					"rotation": [-57.93611, 79.21727, -98.96268],
					"cubes": [
						{"origin": [-9.65, 51.5, -9.5], "size": [2, 3, 2], "uv": [70, 99], "mirror": true}
					]
				},
				{
					"name": "bone6",
					"parent": "horn_left6",
					"pivot": [-8.65, 54.5, -9.5],
					"rotation": [-27.5, 0, 0],
					"cubes": [
						{"origin": [-9.15, 54.5, -9.5], "size": [1, 2, 1], "uv": [72, 100], "mirror": true},
						{"origin": [-8.65, 56.5, -9.5], "size": [0, 2, 1], "pivot": [-9.15, 56.5, -9.5], "rotation": [-27.5, 0, 0], "uv": [72, 100], "mirror": true}
					]
				},
				{
					"name": "segment3",
					"parent": "segment2",
					"pivot": [0, 50.5, -13.5],
					"cubes": [
						{"origin": [-7.5, 43, -21], "size": [15, 9, 9], "inflate": 0.01, "uv": [88, 84]}
					]
				},
				{
					"name": "horn_left3",
					"parent": "segment3",
					"pivot": [7.4, 50.25, -17.5],
					"rotation": [45.43116, -84.61567, 8.86017],
					"cubes": [
						{"origin": [6.4, 50.25, -17.5], "size": [2, 3, 2], "uv": [70, 99]}
					]
				},
				{
					"name": "bone5",
					"parent": "horn_left3",
					"pivot": [7.4, 53.25, -17.5],
					"rotation": [-27.5, 0, 0],
					"cubes": [
						{"origin": [6.9, 53.25, -17.5], "size": [1, 2, 1], "uv": [72, 100]},
						{"origin": [7.4, 55.25, -17.5], "size": [0, 2, 1], "pivot": [7.9, 55.25, -17.5], "rotation": [-27.5, 0, 0], "uv": [72, 100]}
					]
				},
				{
					"name": "horn_right3",
					"parent": "segment3",
					"pivot": [-7.4, 50.25, -17.5],
					"rotation": [45.43116, 84.61567, -8.86017],
					"cubes": [
						{"origin": [-8.4, 50.25, -17.5], "size": [2, 3, 2], "uv": [70, 99], "mirror": true}
					]
				},
				{
					"name": "bone4",
					"parent": "horn_right3",
					"pivot": [-7.4, 53.25, -17.5],
					"rotation": [-27.5, 0, 0],
					"cubes": [
						{"origin": [-7.9, 53.25, -17.5], "size": [1, 2, 1], "uv": [72, 100], "mirror": true},
						{"origin": [-7.4, 55.25, -17.5], "size": [0, 2, 1], "pivot": [-7.9, 55.25, -17.5], "rotation": [-27.5, 0, 0], "uv": [72, 100], "mirror": true}
					]
				},
				{
					"name": "head",
					"parent": "segment3",
					"pivot": [0, 46.5, -20.5],
					"cubes": [
						{"origin": [-5, 45, -27], "size": [10, 7, 7], "uv": [101, 69]},
						{"origin": [-3, 44, -27.25], "size": [1, 2, 1], "uv": [53, 99]},
						{"origin": [2, 44, -27.25], "size": [1, 2, 1], "uv": [53, 99]},
						{"origin": [-4.5, 43.5, -26.5], "size": [9, 2, 7], "uv": [94, 11]}
					]
				},
				{
					"name": "horn_left",
					"parent": "head",
					"pivot": [1, 50, -27],
					"rotation": [51.53653, -11.84911, 9.26433],
					"cubes": [
						{"origin": [1, 50, -27], "size": [2, 3, 2], "uv": [70, 99]}
					]
				},
				{
					"name": "bone",
					"parent": "horn_left",
					"pivot": [2, 53, -27],
					"rotation": [-27.5, 0, 0],
					"cubes": [
						{"origin": [1.5, 53, -27], "size": [1, 3, 1], "uv": [72, 100]}
					]
				},
				{
					"name": "horn_right2",
					"parent": "head",
					"pivot": [-4.4, 49.8, -22.85],
					"rotation": [21.37908, 69.30881, -20.79712],
					"cubes": [
						{"origin": [-5.4, 49.8, -22.85], "size": [2, 3, 2], "uv": [70, 99], "mirror": true}
					]
				},
				{
					"name": "bone3",
					"parent": "horn_right2",
					"pivot": [-4.4, 52.8, -22.85],
					"rotation": [-27.5, 0, 0],
					"cubes": [
						{"origin": [-4.9, 52.8, -22.85], "size": [1, 2, 1], "uv": [72, 100], "mirror": true},
						{"origin": [-4.4, 54.8, -22.85], "size": [0, 2, 1], "pivot": [-4.9, 54.8, -22.85], "rotation": [-27.5, 0, 0], "uv": [72, 100], "mirror": true}
					]
				},
				{
					"name": "horn_left2",
					"parent": "head",
					"pivot": [4.4, 49.8, -22.85],
					"rotation": [21.37908, -69.30881, 20.79712],
					"cubes": [
						{"origin": [3.4, 49.8, -22.85], "size": [2, 3, 2], "uv": [70, 99]}
					]
				},
				{
					"name": "bone11",
					"parent": "horn_left2",
					"pivot": [4.4, 52.8, -22.85],
					"rotation": [-27.5, 0, 0],
					"cubes": [
						{"origin": [3.9, 52.8, -22.85], "size": [1, 2, 1], "uv": [72, 100]},
						{"origin": [4.4, 54.8, -22.85], "size": [0, 2, 1], "pivot": [4.9, 54.8, -22.85], "rotation": [-27.5, 0, 0], "uv": [72, 100]}
					]
				},
				{
					"name": "horn_right",
					"parent": "head",
					"pivot": [-1, 50, -27],
					"rotation": [51.53653, 11.84911, -9.26433],
					"cubes": [
						{"origin": [-3, 50, -27], "size": [2, 3, 2], "uv": [70, 99], "mirror": true}
					]
				},
				{
					"name": "bone2",
					"parent": "horn_right",
					"pivot": [-2, 53, -27],
					"rotation": [-27.5, 0, 0],
					"cubes": [
						{"origin": [-2.5, 53, -27], "size": [1, 3, 1], "uv": [72, 100], "mirror": true}
					]
				},
				{
					"name": "antenna_left",
					"parent": "head",
					"pivot": [4, 47, -26.75],
					"rotation": [-159.63725, 65.68181, -31.91563],
					"cubes": [
						{"origin": [3.65798, 47.8138, -27.21985], "size": [0, 4, 2], "inflate": 0.02, "uv": [0, 38]}
					]
				},
				{
					"name": "antenna_left2",
					"parent": "antenna_left",
					"pivot": [4, 51, -26.75],
					"cubes": [
						{"origin": [3.65798, 51.8138, -27.21985], "size": [0, 4, 2], "inflate": 0.01, "uv": [0, 29]}
					]
				},
				{
					"name": "antenna_left3",
					"parent": "antenna_left2",
					"pivot": [4, 55, -26.75],
					"cubes": [
						{"origin": [3.65798, 55.8138, -27.21985], "size": [0, 4, 2], "uv": [0, 25]}
					]
				},
				{
					"name": "antenna_right",
					"parent": "head",
					"pivot": [-4, 47, -26.75],
					"rotation": [-159.63725, -65.68181, 31.91563],
					"cubes": [
						{"origin": [-3.65798, 47.8138, -27.21985], "size": [0, 4, 2], "inflate": 0.02, "uv": [0, 38], "mirror": true}
					]
				},
				{
					"name": "antenna_right2",
					"parent": "antenna_right",
					"pivot": [-4, 51, -26.75],
					"cubes": [
						{"origin": [-3.65798, 51.8138, -27.21985], "size": [0, 4, 2], "inflate": 0.01, "uv": [0, 29], "mirror": true}
					]
				},
				{
					"name": "antenna_right3",
					"parent": "antenna_right2",
					"pivot": [-4, 55, -26.75],
					"cubes": [
						{"origin": [-3.65798, 55.8138, -27.21985], "size": [0, 4, 2], "uv": [0, 25], "mirror": true}
					]
				},
				{
					"name": "eye_left",
					"parent": "head",
					"pivot": [3.51, 47, -24.51],
					"cubes": [
						{"origin": [2.01, 46.5, -27.01], "size": [3, 3, 5], "uv": [127, 83]}
					]
				},
				{
					"name": "eye_right",
					"parent": "head",
					"pivot": [-3.51, 47, -24.51],
					"cubes": [
						{"origin": [-5.01, 46.5, -27.01], "size": [3, 3, 5], "uv": [225, 70]}
					]
				},
				{
					"name": "shell_left5",
					"parent": "segment3",
					"pivot": [-7.5, 45, -17],
					"rotation": [0, 0, 20],
					"cubes": [
						{"origin": [-9.5, 45, -20.5], "size": [2, 0, 7], "uv": [50, 57]}
					]
				},
				{
					"name": "shell_left6",
					"parent": "shell_left5",
					"pivot": [-9.5, 45, -17],
					"rotation": [0, 0, -10],
					"cubes": [
						{"origin": [-12.5, 45, -20.5], "size": [3, 0, 7], "pivot": [-9.5, 45, -17], "rotation": [0, 0, 45], "uv": [241, 10]}
					]
				},
				{
					"name": "shell_right5",
					"parent": "segment3",
					"pivot": [7.5, 45, -17],
					"rotation": [0, 0, -20],
					"cubes": [
						{"origin": [7.5, 45, -20.5], "size": [2, 0, 7], "uv": [44, 40]}
					]
				},
				{
					"name": "shell_right6",
					"parent": "shell_right5",
					"pivot": [9.5, 45, -17],
					"rotation": [0, 0, 10],
					"cubes": [
						{"origin": [9.5, 45, -20.5], "size": [3, 0, 7], "pivot": [9.5, 45, -17], "rotation": [0, 0, -45], "uv": [87, 11]}
					]
				},
				{
					"name": "arm_left4",
					"parent": "segment3",
					"pivot": [7.5, 44, -13.5],
					"cubes": [
						{"origin": [6, 43, -14.5], "size": [10, 2, 2], "uv": [207, 82]}
					]
				},
				{
					"name": "arm_left5",
					"parent": "arm_left4",
					"pivot": [16, 44, -12.5],
					"cubes": [
						{"origin": [16, 43, -14.5], "size": [10, 2, 2], "inflate": 0.01, "uv": [183, 82]}
					]
				},
				{
					"name": "claw_left6",
					"parent": "arm_left5",
					"pivot": [26, 45, -13.25],
					"cubes": [
						{"origin": [26, 41.5, -13.5], "size": [6, 4, 0], "uv": [133, 43]}
					]
				},
				{
					"name": "arm_right4",
					"parent": "segment3",
					"pivot": [-7.5, 44, -13.5],
					"cubes": [
						{"origin": [-16, 43, -14.5], "size": [10, 2, 2], "uv": [198, 39]}
					]
				},
				{
					"name": "arm_right5",
					"parent": "arm_right4",
					"pivot": [-16, 44, -12.5],
					"cubes": [
						{"origin": [-26, 43, -14.5], "size": [10, 2, 2], "inflate": 0.01, "uv": [119, 11]}
					]
				},
				{
					"name": "claw_right6",
					"parent": "arm_right5",
					"pivot": [-26, 45, -13.25],
					"cubes": [
						{"origin": [-32, 41.5, -13.5], "size": [6, 4, 0], "uv": [231, 84]}
					]
				},
				{
					"name": "shell_left3",
					"parent": "segment2",
					"pivot": [-9, 45, -9],
					"rotation": [0, 0, 25],
					"cubes": [
						{"origin": [-12, 45, -12.5], "size": [3, 0, 7], "uv": [41, 77]}
					]
				},
				{
					"name": "shell_left4",
					"parent": "shell_left3",
					"pivot": [-12, 45, -9],
					"rotation": [0, 0, 35],
					"cubes": [
						{"origin": [-16, 45, -12.5], "size": [4, 0, 7], "uv": [0, 47]}
					]
				},
				{
					"name": "shell_right3",
					"parent": "segment2",
					"pivot": [9, 45, -9],
					"rotation": [0, 0, -25],
					"cubes": [
						{"origin": [9, 45, -12.5], "size": [3, 0, 7], "uv": [0, 0]}
					]
				},
				{
					"name": "shell_right4",
					"parent": "shell_right3",
					"pivot": [12, 45, -9],
					"rotation": [0, 0, -35],
					"cubes": [
						{"origin": [12, 45, -12.5], "size": [4, 0, 7], "uv": [0, 40]}
					]
				},
				{
					"name": "arm_left2",
					"parent": "segment2",
					"pivot": [9, 44, -5.5],
					"cubes": [
						{"origin": [7.5, 43, -6.5], "size": [10, 2, 2], "uv": [198, 35]}
					]
				},
				{
					"name": "arm_left3",
					"parent": "arm_left2",
					"pivot": [17.5, 44, -4.5],
					"cubes": [
						{"origin": [17.5, 43, -6.5], "size": [10, 2, 2], "inflate": 0.01, "uv": [216, 66]}
					]
				},
				{
					"name": "claw_left5",
					"parent": "arm_left3",
					"pivot": [27.5, 45, -5.5],
					"cubes": [
						{"origin": [27.5, 41.5, -5.5], "size": [6, 4, 0], "uv": [188, 92]}
					]
				},
				{
					"name": "arm_right2",
					"parent": "segment2",
					"pivot": [-9, 44, -5.5],
					"cubes": [
						{"origin": [-17.5, 43, -6.5], "size": [10, 2, 2], "uv": [216, 62]}
					]
				},
				{
					"name": "arm_right3",
					"parent": "arm_right2",
					"pivot": [-17.5, 44, -4.5],
					"cubes": [
						{"origin": [-27.5, 43, -6.5], "size": [10, 2, 2], "inflate": 0.01, "uv": [109, 43]}
					]
				},
				{
					"name": "claw_right5",
					"parent": "arm_right3",
					"pivot": [-27.5, 45, -5.5],
					"cubes": [
						{"origin": [-33.5, 41.5, -5.5], "size": [6, 4, 0], "uv": [132, 62]}
					]
				},
				{
					"name": "shell_left",
					"parent": "segment",
					"pivot": [-10, 45.5, -1],
					"rotation": [0, 0, 30],
					"cubes": [
						{"origin": [-14, 45.5, -4.5], "size": [4, 0, 7], "uv": [0, 30]}
					]
				},
				{
					"name": "shell_left2",
					"parent": "shell_left",
					"pivot": [-14, 45.5, -1],
					"rotation": [0, 0, 40],
					"cubes": [
						{"origin": [-20, 45.5, -4.5], "size": [6, 0, 7], "uv": [79, 76]}
					]
				},
				{
					"name": "shell_right",
					"parent": "segment",
					"pivot": [10, 45.5, -1],
					"rotation": [0, 0, -30],
					"cubes": [
						{"origin": [10, 45.5, -4.5], "size": [4, 0, 7], "uv": [0, 23]}
					]
				},
				{
					"name": "shell_right2",
					"parent": "shell_right",
					"pivot": [14, 45.5, -1],
					"rotation": [0, 0, -40],
					"cubes": [
						{"origin": [14, 45.5, -4.5], "size": [6, 0, 7], "uv": [38, 57]}
					]
				},
				{
					"name": "shell_left7",
					"parent": "torso4",
					"pivot": [9.5, 41.5, 2.5],
					"rotation": [0, -52.5, 0],
					"cubes": [
						{"origin": [9.5, 38.5, 2.5], "size": [8, 6, 0], "uv": [152, 36]}
					]
				},
				{
					"name": "shell_left8",
					"parent": "shell_left7",
					"pivot": [17.5, 41.5, 2.5],
					"rotation": [0, -42.5, 0],
					"cubes": [
						{"origin": [17.5, 38.5, 2.5], "size": [12, 6, 0], "uv": [108, 62]}
					]
				},
				{
					"name": "shell_right7",
					"parent": "torso4",
					"pivot": [-9.5, 41.5, 2.5],
					"rotation": [0, 52.5, 0],
					"cubes": [
						{"origin": [-17.5, 38.5, 2.5], "size": [8, 6, 0], "uv": [128, 68]}
					]
				},
				{
					"name": "shell_right8",
					"parent": "shell_right7",
					"pivot": [-17.5, 41.5, 2.5],
					"rotation": [0, 42.5, 0],
					"cubes": [
						{"origin": [-29.5, 38.5, 2.5], "size": [12, 6, 0], "uv": [222, 20]}
					]
				},
				{
					"name": "arm_left_pos",
					"parent": "torso4",
					"pivot": [8, 43.5, 0.5],
					"rotation": [-40, 0, 0]
				},
				{
					"name": "arm_left",
					"parent": "arm_left_pos",
					"pivot": [8, 43.5, 0.5],
					"cubes": [
						{"origin": [8, 42, -1], "size": [21, 3, 3], "uv": [0, 77]}
					]
				},
				{
					"name": "hand_left",
					"parent": "arm_left",
					"pivot": [25, 43.5, 0.5],
					"cubes": [
						{"origin": [25, 40.5, -5], "size": [16, 6, 11], "uv": [43, 76]},
						{"origin": [21, 45.5, -7], "size": [18, 2, 15], "uv": [0, 40]},
						{"origin": [34, 47.5, -3], "size": [2, 1, 1], "uv": [27, 54]},
						{"origin": [34, 47.5, 3], "size": [2, 1, 1], "uv": [27, 54]},
						{"origin": [27, 47.5, 3], "size": [2, 1, 1], "uv": [27, 54]},
						{"origin": [27, 47.5, -3], "size": [2, 1, 1], "uv": [27, 54]},
						{"origin": [21, 47.5, -3], "size": [2, 1, 1], "uv": [27, 54]},
						{"origin": [21, 47.5, 3], "size": [2, 1, 1], "uv": [27, 54]},
						{"origin": [39, 47.5, -2], "size": [2, 0, 5], "uv": [4, 7]}
					]
				},
				{
					"name": "claw_left",
					"parent": "hand_left",
					"pivot": [41, 45.5, -2.5],
					"rotation": [0, 0, 15],
					"cubes": [
						{"origin": [40, 42.5, -4.5], "size": [6, 3, 3], "uv": [186, 86]}
					]
				},
				{
					"name": "claw_left2",
					"parent": "claw_left",
					"pivot": [46, 45.5, -2.5],
					"rotation": [0, 0, 37.5],
					"cubes": [
						{"origin": [46, 43.5, -4], "size": [4, 2, 2], "uv": [126, 15]},
						{"origin": [49.5, 41, -3], "size": [6, 4, 0], "pivot": [52.5, 43, -3], "rotation": [0, 0, 10], "uv": [132, 62], "mirror": true}
					]
				},
				{
					"name": "claw_left3",
					"parent": "hand_left",
					"pivot": [41, 45.5, 3.5],
					"rotation": [0, 0, 15],
					"cubes": [
						{"origin": [40, 42.5, 2.5], "size": [6, 3, 3], "uv": [169, 33]}
					]
				},
				{
					"name": "claw_left4",
					"parent": "claw_left3",
					"pivot": [46, 45.5, 3.5],
					"rotation": [0, 0, 37.5],
					"cubes": [
						{"origin": [46, 43.5, 3], "size": [4, 2, 2], "uv": [228, 26]},
						{"origin": [48.5, 41, 4], "size": [6, 4, 0], "pivot": [51.5, 43, 4], "rotation": [0, 0, 10], "uv": [132, 62], "mirror": true}
					]
				},
				{
					"name": "arm_right_pos",
					"parent": "torso4",
					"pivot": [-8, 43.5, 0.5],
					"rotation": [-40, 0, 0]
				},
				{
					"name": "arm_right",
					"parent": "arm_right_pos",
					"pivot": [-8, 43.5, 0.5],
					"cubes": [
						{"origin": [-29, 42, -1], "size": [21, 3, 3], "uv": [51, 49]}
					]
				},
				{
					"name": "hand_right",
					"parent": "arm_right",
					"pivot": [-25, 43.5, 0.5],
					"cubes": [
						{"origin": [-41, 40.5, -5], "size": [16, 6, 11], "uv": [55, 32]},
						{"origin": [-39, 45.5, -7], "size": [18, 2, 15], "uv": [0, 23]},
						{"origin": [-23, 47.5, 3], "size": [2, 1, 1], "uv": [27, 54], "mirror": true},
						{"origin": [-23, 47.5, -3], "size": [2, 1, 1], "uv": [27, 54], "mirror": true},
						{"origin": [-29, 47.5, -3], "size": [2, 1, 1], "uv": [27, 54], "mirror": true},
						{"origin": [-36, 47.5, 3], "size": [2, 1, 1], "uv": [27, 54], "mirror": true},
						{"origin": [-29, 47.5, 3], "size": [2, 1, 1], "uv": [27, 54], "mirror": true},
						{"origin": [-36, 47.5, -3], "size": [2, 1, 1], "uv": [27, 54], "mirror": true},
						{"origin": [-41, 47.5, -2], "size": [2, 0, 5], "uv": [0, 7]}
					]
				},
				{
					"name": "claw_right",
					"parent": "hand_right",
					"pivot": [-41, 45.5, -2.5],
					"rotation": [0, 0, -15],
					"cubes": [
						{"origin": [-46, 42.5, -4.5], "size": [6, 3, 3], "uv": [198, 43]}
					]
				},
				{
					"name": "claw_right2",
					"parent": "claw_right",
					"pivot": [-46, 45.5, -2.5],
					"rotation": [0, 0, -37.5],
					"cubes": [
						{"origin": [-51, 43.5, -4], "size": [5, 2, 2], "uv": [51, 32]},
						{"origin": [-55.5, 41, -3], "size": [6, 4, 0], "pivot": [-52.5, 43, -3], "rotation": [0, 0, -10], "uv": [132, 62]}
					]
				},
				{
					"name": "claw_right3",
					"parent": "hand_right",
					"pivot": [-41, 45.5, 3.5],
					"rotation": [0, 0, -15],
					"cubes": [
						{"origin": [-46, 42.5, 2.5], "size": [6, 3, 3], "uv": [125, 26]}
					]
				},
				{
					"name": "claw_right4",
					"parent": "claw_right3",
					"pivot": [-46, 45.5, 3.5],
					"rotation": [0, 0, -37.5],
					"cubes": [
						{"origin": [-50, 43.5, 3], "size": [4, 2, 2], "uv": [51, 8]},
						{"origin": [-54.5, 41, 4], "size": [6, 4, 0], "pivot": [-51.5, 43, 4], "rotation": [0, 0, -10], "uv": [132, 62]}
					]
				},
				{
					"name": "skirt_front",
					"parent": "torso",
					"pivot": [0, 21, -7.5],
					"rotation": [-10, 0, 0],
					"cubes": [
						{"origin": [-7, 11, -7.5], "size": [14, 10, 0], "uv": [158, 20]}
					]
				},
				{
					"name": "skirt_back",
					"parent": "torso",
					"pivot": [0, 23, 7.5],
					"rotation": [27.5, 0, 0],
					"cubes": [
						{"origin": [-7, 13, 7.5], "size": [14, 10, 0], "uv": [228, 30]}
					]
				},
				{
					"name": "skirt_back6",
					"parent": "skirt_back",
					"pivot": [0, 13, 7.5],
					"cubes": [
						{"origin": [-7, 3, 7.5], "size": [14, 10, 0], "pivot": [0, 13, 7.5], "rotation": [35, 0, 0], "uv": [172, 61]}
					]
				},
				{
					"name": "leg_left",
					"parent": "body",
					"pivot": [7, 17, -0.5],
					"cubes": [
						{"origin": [4, 9.5, -5], "size": [8, 11, 9], "uv": [191, 62]}
					]
				},
				{
					"name": "leg_left2",
					"parent": "leg_left",
					"pivot": [8, 10, -1.5],
					"cubes": [
						{"origin": [6.5, 6, -2.5], "size": [3, 5, 3], "uv": [176, 92]}
					]
				},
				{
					"name": "foot_left",
					"parent": "leg_left2",
					"pivot": [8, 6.5, -1.5],
					"cubes": [
						{"origin": [6, 0, -3], "size": [4, 7, 4], "inflate": 0.01, "uv": [234, 40]}
					]
				},
				{
					"name": "toe_left",
					"parent": "foot_left",
					"pivot": [8, 2, -3],
					"cubes": [
						{"origin": [7, 0, -5.5], "size": [2, 2, 3], "uv": [197, 93]}
					]
				},
				{
					"name": "leg_right",
					"parent": "body",
					"pivot": [-7, 17, -0.5],
					"cubes": [
						{"origin": [-12, 9.5, -5], "size": [8, 11, 9], "uv": [100, 23]}
					]
				},
				{
					"name": "leg_right2",
					"parent": "leg_right",
					"pivot": [-8, 10, -1.5],
					"cubes": [
						{"origin": [-9.5, 6, -2.5], "size": [3, 5, 3], "uv": [165, 39]}
					]
				},
				{
					"name": "foot_right",
					"parent": "leg_right2",
					"pivot": [-8, 6.5, -1.5],
					"cubes": [
						{"origin": [-10, 0, -3], "size": [4, 7, 4], "inflate": 0.01, "uv": [218, 40]}
					]
				},
				{
					"name": "toe_right",
					"parent": "foot_right",
					"pivot": [-8, 2, -3],
					"cubes": [
						{"origin": [-9, 0, -5.5], "size": [2, 2, 3], "uv": [215, 86]}
					]
				}
			]
		}
	]
}