{
  "type": "minecraft:generic",
  "pools": [
    {
      "bonus_rolls": 0.0,
      "entries": [
        {
          "type": "minecraft:item",
          "weight": 1,
          "functions": [
            {
              "add": false,
              "count": {
                "min": 1,
                "max": 2
              },
              "function": "minecraft:set_count"
            },
            {
              "function": "minecraft:set_components",
              "components": {
                "minecraft:custom_model_data": 15,
                "minecraft:item_name": "\"Alcremie Cream\"",
                "minecraft:food": {
                  "nutrition": 3,
                  "saturation": 2,
                  "can_always_eat": true,
                  "eat_seconds": 1.61,
                 "effects": [
                    {
                      "effect": {
                        "id": "minecraft:saturation",
                        "amplifier": 2,
                        "duration": 220,
                        "ambient": true,
                        "show_particles": true,
                        "show_icon": true
                      },
                      "probability": 1
                    },
                    {
                      "effect": {
                        "id": "minecraft:luck",
                        "amplifier": 1,
                        "duration": 620,
                        "ambient": true,
                        "show_particles": true,
                        "show_icon": true
                      },
                      "probability": 1
                    }
                  ]
                }
              }
            }
          ],
          "name": "minecraft:cooked_beef",
          "conditions": []
        }
      ],
      "rolls": 1.0
    }
  ]
}