{
  "type": "minecraft:generic",
  "pools": [
    {
      "bonus_rolls": 0.0,
      "entries": [
        {
          "type": "minecraft:item",
          "name": "cobblemon:lucky_egg",
          "weight": 1,
          "functions": [
            {
              "function": "minecraft:set_count",
              "count": {
                "min": 1,
                "max": 1
              }
            }
          ]
        },
        {
          "type": "minecraft:item",
          "name": "cobblemon:oval_stone",
          "weight": 2,
          "functions": [
            {
              "function": "minecraft:set_count",
              "count": {
                "min": 1,
                "max": 1
              }
            }
          ]
        },
        {
          "type": "minecraft:item",
          "weight": 2,
          "functions": [
            {
              "add": false,
              "count": {
                "min": 1,
                "max": 1
              },
              "function": "minecraft:set_count"
            },
           {
              "function": "minecraft:set_components",
              "components": {
                "minecraft:custom_model_data": 28,
                "minecraft:item_name": "\"Bliss Egg\"",
                "minecraft:food": {
                  "nutrition": 8,
                  "saturation": 12,
                  "can_always_eat": true,
                  "eat_seconds": 1.61,
                 "effects": [
                    {
                      "effect": {
                        "id": "minecraft:regeneration",
                        "amplifier": 2,
                        "duration": 220,
                        "ambient": true,
                        "show_particles": true,
                        "show_icon": true
                      },
                      "probability": 1
                    },
                    {
                      "effect": {
                        "id": "minecraft:absorption",
                        "amplifier": 1,
                        "duration": 220,
                        "ambient": true,
                        "show_particles": true,
                        "show_icon": true
                      },
                      "probability": 1
                    }
                  ]
                }
              }
            }
          ],
          "name": "minecraft:cooked_beef",
          "conditions": []
        }
      ],
      "rolls": 1.0
    }
  ]
}