{
  "type": "minecraft:generic",
  "pools": [
    {
      "bonus_rolls": 0.0,
      "entries": [
        {
          "type": "minecraft:item",
          "weight": 1,
          "functions": [
            {
              "function": "minecraft:set_count",
              "count": {
                "min": 1,
                "max": 3
              }
            },
            {
              "function": "minecraft:set_components",
              "components": {
                "minecraft:custom_model_data": 3,
                "minecraft:item_name": "\"Red Comfey Flower\""
              }
            }
          ],
          "name": "minecraft:phantom_membrane",
          "conditions": []
        }
      ],
      "rolls": 1.0
    },

    {
      "bonus_rolls": 0.0,
      "entries": [
        {
          "type": "minecraft:item",
          "weight": 1,
          "functions": [
            {
              "function": "minecraft:set_count",
              "count": {
                "min": 1,
                "max": 3
              }
            },
            {
              "function": "minecraft:set_components",
              "components": {
                "minecraft:custom_model_data": 4,
                "minecraft:item_name": "\"White Comfey Flower\""
              }
            }
          ],
          "name": "minecraft:phantom_membrane",
          "conditions": []
        }
      ],
      "rolls": 1.0
    },
    {
      "bonus_rolls": 0.0,
      "entries": [
        {
          "type": "minecraft:item",
          "weight": 1,
          "functions": [
            {
              "function": "minecraft:set_count",
              "count": {
                "min": 1,
                "max": 3
              }
            },
            {
              "function": "minecraft:set_components",
              "components": {
                "minecraft:custom_model_data": 5,
                "minecraft:item_name": "\"Yellow Comfey Flower\""
              }
            }
          ],
          "name": "minecraft:phantom_membrane",
          "conditions": []
        }
      ],
      "rolls": 1.0
    },
    {
      "bonus_rolls": 0.0,
      "entries": [
        {
          "type": "minecraft:item",
          "weight": 1,
          "functions": [
            {
              "function": "minecraft:set_count",
              "count": {
                "min": 1,
                "max": 3
              }
            },
            {
              "function": "minecraft:set_components",
              "components": {
                "minecraft:custom_model_data": 6,
                "minecraft:item_name": "\"Pink Comfey Flower\""
              }
            }
          ],
          "name": "minecraft:phantom_membrane",
          "conditions": []
        }
      ],
      "rolls": 1.0
    }

  ]
}