{
  "type": "minecraft:generic",
  "pools": [
    {
      "bonus_rolls": 0.0,
      "entries": [
        {
          "type": "minecraft:item",
          "weight": 1,
          "functions": [
            {
              "function": "minecraft:set_count",
              "count": {
                "min": 1,
                "max": 4
              }
            },
            {
              "function": "minecraft:set_components",
              "components": {
                "minecraft:custom_model_data": 7,
                "minecraft:item_name": "\"Cottonee Fluff\""
              }
            }
          ],
          "name": "minecraft:phantom_membrane",
          "conditions": []
        }
      ],
      "rolls": 1.0
    }
  ]
}