{
  "type": "minecraft:generic",
  "pools": [
    {
      "bonus_rolls": 0.0,
      "entries": [
        {
          "type": "minecraft:item",
          "weight": 1,
          "functions": [
            {
              "function": "minecraft:set_count",
              "count": {
                "min": 1,
                "max": 4
              }
            },
            {
              "function": "minecraft:set_components",
              "components": {
                "minecraft:custom_model_data": 33,
                "minecraft:item_name": "\"Ribombee Pollen\"",
                "minecraft:food": {
                  "nutrition": 1,
                  "saturation": 1,
                  "can_always_eat": true,
                  "eat_seconds": 1.61,
                  "effects": []
                }
              }
            }
          ],
          "name": "minecraft:cooked_beef",
          "conditions": []
        }
      ],
      "rolls": 1.0
    }
  ]
}