{
  "type": "minecraft:generic",
  "pools": [
    {
      "bonus_rolls": 0.0,
      "entries": [
        {
          "type": "minecraft:item",
          "name": "minecraft:lapis_lazuli",
          "weight": 5,
          "functions": [
            {
              "add": false,
              "count": 1,
              "function": "minecraft:set_count"
            }
          ]
        },
        {
          "type": "minecraft:item",
          "name": "minecraft:emerald",
          "weight": 1,
          "functions": [
            {
              "add": false,
              "count": 1,
              "function": "minecraft:set_count"
            }
          ]
        },
        {
          "type": "minecraft:item",
          "name": "minecraft:diamond",
          "weight": 2,
          "functions": [
            {
              "add": false,
              "count": 1,
              "function": "minecraft:set_count"
            }
          ]
        },
        {
          "type": "minecraft:item",
          "name": "minecraft:redstone",
          "weight": 5,
          "functions": [
            {
              "add": false,
              "count": 3,
              "function": "minecraft:set_count"
            }
          ]
        },
        {
          "type": "minecraft:item",
          "name": "minecraft:amethyst_shard",
          "weight": 3,
          "functions": [
            {
              "add": false,
              "count": 2,
              "function": "minecraft:set_count"
            }
          ]
        },
        {
          "type": "minecraft:item",
          "name": "cobblemon:fire_stone",
          "weight": 3,
          "functions": [
            {
              "add": false,
              "count": 1,
              "function": "minecraft:set_count"
            }
          ]
        },
        {
          "type": "minecraft:item",
          "name": "cobblemon:water_stone",
          "weight": 3,
          "functions": [
            {
              "add": false,
              "count": 1,
              "function": "minecraft:set_count"
            }
          ]
        },
        {
          "type": "minecraft:item",
          "name": "cobblemon:leaf_stone",
          "weight": 3,
          "functions": [
            {
              "add": false,
              "count": 1,
              "function": "minecraft:set_count"
            }
          ]
        },
        {
          "type": "minecraft:item",
          "name": "cobblemon:thunder_stone",
          "weight": 3,
          "functions": [
            {
              "add": false,
              "count": 1,
              "function": "minecraft:set_count"
            }
          ]
        },
        {
          "type": "minecraft:item",
          "name": "cobblemon:dusk_stone",
          "weight": 3,
          "functions": [
            {
              "add": false,
              "count": 1,
              "function": "minecraft:set_count"
            }
          ]
        },
        {
          "type": "minecraft:item",
          "name": "cobblemon:dawn_stone",
          "weight": 3,
          "functions": [
            {
              "add": false,
              "count": 1,
              "function": "minecraft:set_count"
            }
          ]
        },
        {
          "type": "minecraft:item",
          "name": "cobblemon:ice_stone",
          "weight": 3,
          "functions": [
            {
              "add": false,
              "count": 1,
              "function": "minecraft:set_count"
            }
          ]
        },
        {
          "type": "minecraft:item",
          "name": "cobblemon:shiny_stone",
          "weight": 3,
          "functions": [
            {
              "add": false,
              "count": 1,
              "function": "minecraft:set_count"
            }
          ]
        },
        {
          "type": "minecraft:item",
          "name": "cobblemon:moon_stone",
          "weight": 3,
          "functions": [
            {
              "add": false,
              "count": 1,
              "function": "minecraft:set_count"
            }
          ]
        }
      ],
      "rolls": 1.0
    }
  ]
}