{
  "type": "minecraft:generic",
  "pools": [
    {
      "bonus_rolls": 0.0,
      "entries": [
        {
          "type": "minecraft:item",
          "weight": 1,
          "functions": [
            {
              "add": false,
              "count": 1,
              "function": "minecraft:set_count"
            },
            {
              "function": "minecraft:set_components",
              "components": {
                "minecraft:custom_model_data": 2,
                "minecraft:item_name": "\"Slowpoke Tail\"",
                "minecraft:food": {
                  "nutrition": 2,
                  "saturation": 2,
                  "can_always_eat": true,
                  "eat_seconds": 1.61,
                  "effects": []
                }
              }
            }
          ],
          "name": "minecraft:cooked_beef",
          "conditions": []
        }
      ],
      "rolls": 1.0
    }
  ]
}