{
  "implemented": true,
  "name": "archerantrum",
  "nationalPokedexNumber": 2002,
  "primaryType": "dragon",
  "secondaryType": "fighting",
  "abilities": [
    "defeatist",
    "h:quickdraw"
  ],
  "baseStats": {
    "hp": 80,
    "attack": 131,
    "defence": 94,
    "special_attack": 79,
    "special_defence": 56,
    "speed": 85
  },
  "catchRate": 45,
  "maleRatio": -1,
  "shoulderMountable": false,
  "baseExperienceYield": 177,
  "experienceGroup": "slow",
  "eggCycles": 35,
  "eggGroups": [
    "undiscovered"
  ],
  "behaviour": {
    "resting": {
      "canSleep": true,
      "depth": "normal",
      "light": "0-4"
    },
    "moving": {
      "walk": {
        "walkSpeed": 0.7
      }
    }
  },
  "moves": [
    "1:triattack",
    "1:ancientpower",
    "1:tailwind",
    "1:bravebird",
    "1:scratch",
    "1:doubleteam",
    "1:roar",
    "7:wingattack",
    "14:doublekick",
    "21:agility",
    "28:dualchop",
    "33:uturn",
    "35:crunch",
    "41:crosschop",
    "48:dragonclaw",
    "53:quickguard",
    "55:jumpkick",
    "62:dragondance",
    "69:outrage",
    "76:headsmash",
    "79:highjumpkick",
    "tm:charm",
    "tm:agility",
    "tm:scaryface",
    "tm:protect",
    "tm:firefang",
    "tm:thunderfang",
    "tm:icefang",
    "tm:acrobatics",
    "tm:trailblaze",
    "tm:facade",
    "tm:aerialace",
    "tm:bulldoze",
    "tm:rocktomb",
    "tm:lowsweep",
    "tm:dragontail",
    "tm:endure",
    "tm:sunnyday",
    "tm:dig",
    "tm:brickbreak",
    "tm:zenheadbutt",
    "tm:uturn",
    "tm:shadowclaw",
    "tm:psychicfangs",
    "tm:bulkup",
    "tm:airslash",
    "tm:bodyslam",
    "tm:sleeptalk",
    "tm:drainpunch",
    "tm:rockblast",
    "tm:dragonclaw",
    "tm:stompingtantrum",
    "tm:rest",
    "tm:rockslide",
    "tm:taunt",
    "tm:bodypress",
    "tm:darkpulse",
    "tm:fly",
    "tm:ironhead",
    "tm:dragondance",
    "tm:substitute",
    "tm:crunch",
    "tm:tailwind",
    "tm:dragonpulse",
    "tm:stealthrock",
    "tm:hypervoice",
    "tm:heatwave",
    "tm:playrough",
    "tm:earthpower",
    "tm:reversal",
    "tm:earthquake",
    "tm:stoneedge",
    "tm:gigaimpact",
    "tm:outrage",
    "tm:focusblast",
    "tm:hyperbeam",
    "tm:bravebird",
    "tm:closecombat",
    "tm:dracometeor",
    "tm:terablast",
    "tm:megapunch",
    "tm:megakick",
    "tm:snore",
    "tm:steelwing",
    "tm:attract",
    "tm:revenge",
    "tm:assurance",
    "tm:round",
    "tm:brutalswing",
    "tm:breakingswipe",
    "tm:roar",
    "tm:toxic",
    "tm:hiddenpower",
    "tm:roost",
    "tm:frustration",
    "tm:smackdown",
    "tm:return",
    "tm:doubleteam",
    "tm:torment",
    "tm:skydrop",
    "tm:swagger",
    "tm:confide",
    "tm:triattack",
    "tm:irontail",
    "tm:uproar",
    "tm:superpower",
    "tm:allyswitch",
    "tm:highhorsepower",
    "tm:lashout",
    "tm:dualwingbeat",
    "tm:scaleshot",
    "tm:poweruppunch",
    "tm:honeclaws",
    "tm:rocksmash",
    "tm:defog",
    "tm:meteorbeam",
    "tm:knockoff",
    "tm:strength"
  ],
  "labels": [
    "gen6"
  ],
  "pokedex": [
    "cobblemon.species.archerantrum.desc"
  ],
  "baseScale": 0.85,
  "hitbox": {
    "width": 1.4,
    "height": 3.0,
    "fixed": false
  },
  "baseFriendship": 50,
  "evYield": {
    "hp": 0,
    "attack": 2,
    "defence": 0,
    "special_attack": 0,
    "special_defence": 0,
    "speed": 0
  },
  "height": 17,
  "weight": 2000,
  "aspects": [],
  "cannotDynamax": false,
  "drops": {
    "amount": 1,
    "entries": [
      {
        "item": "cobblemon:razor_fang",
        "percentage": 5.0
      },
      {  "item": "minecraft:feather",
         "quantityRange": "0-2"
      }
    ]
  }
}
