{
  "implemented": true,
  "name": "divera",
  "nationalPokedexNumber": 2011,
  "primaryType": "water",
  "secondaryType": "dragon",
  "abilities": [
    "hydration",
    "h:unaware"
  ],
  "baseStats": {
    "hp": 130,
    "attack": 75,
    "defence": 110,
    "special_attack": 75,
    "special_defence": 120,
    "speed": 40
  },
  "catchRate": 45,
  "maleRatio": -1,
  "shoulderMountable": false,
  "baseExperienceYield": 177,
  "experienceGroup": "slow",
  "eggCycles": 35,
  "eggGroups": [
    "undiscovered"
  ],
  "behaviour": {
    "resting": {
      "canSleep": true,
      "depth": "normal",
      "light": "0-4"
    },
    "moving": {
      "walk": {
        "walkSpeed": 0.3
      },
	       "swim": {
        "swimSpeed": 0.5,
        "canSwimInWater": true,
        "canBreatheUnderwater": true
      }
    }
  },
  "moves": [
    "1:tackle",
    "1:tailwhip",
    "1:roar",
    "1:quickattack",
    "1:substitute",
    "1:dive",
    "1:return",
    "7:leer",
    "14:aquatail",
    "21:raindance",
    "28:thunderfang",
    "33:crunch",
    "35:dragontail",
    "41:surf",
    "48:scald",
    "53:dracometeor",
    "55:aquaring",
    "62:earthquake",
    "69:stompingtantrum",
    "76:swagger",
    "79:psychic",
    "tm:charm",
    "tm:agility",
    "tm:scaryface",
    "tm:protect",
    "tm:firefang",
    "tm:thunderfang",
    "tm:icefang",
    "tm:acrobatics",
    "tm:trailblaze",
    "tm:facade",
    "tm:aerialace",
    "tm:bulldoze",
    "tm:rocktomb",
    "tm:lowsweep",
    "tm:dragontail",
    "tm:endure",
    "tm:sunnyday",
    "tm:dig",
    "tm:brickbreak",
    "tm:zenheadbutt",
    "tm:uturn",
    "tm:shadowclaw",
    "tm:psychicfangs",
    "tm:bulkup",
    "tm:airslash",
    "tm:bodyslam",
    "tm:sleeptalk",
    "tm:drainpunch",
    "tm:rockblast",
    "tm:dragonclaw",
    "tm:stompingtantrum",
    "tm:rest",
    "tm:rockslide",
    "tm:taunt",
    "tm:bodypress",
    "tm:darkpulse",
    "tm:fly",
    "tm:ironhead",
    "tm:dragondance",
    "tm:substitute",
    "tm:crunch",
    "tm:tailwind",
    "tm:dragonpulse",
    "tm:stealthrock",
    "tm:hypervoice",
    "tm:heatwave",
    "tm:playrough",
    "tm:earthpower",
    "tm:reversal",
    "tm:earthquake",
    "tm:stoneedge",
    "tm:gigaimpact",
    "tm:outrage",
    "tm:focusblast",
    "tm:hyperbeam",
    "tm:bravebird",
    "tm:closecombat",
    "tm:dracometeor",
    "tm:terablast",
    "tm:megapunch",
    "tm:megakick",
    "tm:snore",
    "tm:steelwing",
    "tm:attract",
    "tm:revenge",
    "tm:assurance",
    "tm:round",
    "tm:brutalswing",
    "tm:breakingswipe",
    "tm:roar",
    "tm:toxic",
    "tm:hiddenpower",
    "tm:roost",
    "tm:frustration",
    "tm:smackdown",
    "tm:return",
    "tm:doubleteam",
    "tm:torment",
    "tm:skydrop",
    "tm:swagger",
    "tm:confide",
    "tm:triattack",
    "tm:irontail",
    "tm:uproar",
    "tm:superpower",
    "tm:allyswitch",
    "tm:highhorsepower",
    "tm:lashout",
    "tm:dualwingbeat",
    "tm:scaleshot",
    "tm:poweruppunch",
    "tm:honeclaws",
    "tm:rocksmash",
    "tm:defog",
    "tm:meteorbeam",
    "tm:knockoff",
    "tm:strength"
  ],
  "labels": [
    "gen6"
  ],
  "pokedex": [
    "cobblemon.species.divera.desc"
  ],
  "baseScale": 1.1,
  "hitbox": {
    "width": 1.4,
    "height": 3.0,
    "fixed": false
  },
  "baseFriendship": 50,
  "evYield": {
    "hp": 0,
    "attack": 2,
    "defence": 0,
    "special_attack": 0,
    "special_defence": 0,
    "speed": 0
  },
  "height": 17,
  "weight": 2000,
  "aspects": [],
  "cannotDynamax": false,
  "drops": {
    "amount": 1,
    "entries": [
      {
        "item": "cobblemon:razor_fang",
        "percentage": 5.0
      }
    ]
  }
}
