{
  "implemented": true,
  "name": "leemaura",
  "nationalPokedexNumber": 2003,
  "primaryType": "grass",
  "secondaryType": "fairy",
  "abilities": [
    "icescales",
    "h:pixilate"
  ],
  "baseStats": {
    "hp": 100,
    "attack": 36,
    "defence": 74,
    "special_attack": 53,
    "special_defence": 85,
    "speed": 32
  },
  "behaviour": {
    "resting": {
      "canSleep": true,
      "depth": "normal",
      "light": "0-4"
    },
    "moving": {
      "walk": {
        "walkSpeed": 0.2
      }
    }
  },
  "catchRate": 45,
  "maleRatio": -1,
  "shoulderMountable": false,
  "baseExperienceYield": 82,
  "experienceGroup": "slow",
  "eggCycles": 35,
  "eggGroups": [
    "undiscovered"
  ],
  "moves": [
    "1:triattack",
    "1:ancientpower",
    "1:wrap",
    "1:leer",
    "1:leafage",
    "1:disarmingvoice",
    "7:icywind",
    "14:sleeppowder",
    "21:drainingkiss",
    "28:glare",
    "33:acidspray",
    "35:aurorabeam",
    "41:recover",
    "47:slam",
    "51:hypervoice",
    "52:gigadrain",
    "58:powerwhip",
    "64:ragepowder",
    "70:moonblast",
    "tm:takedown",
    "tm:charm",
    "tm:mudslap",
    "tm:scaryface",
    "tm:protect",
    "tm:acidspray",
    "tm:psybeam",
    "tm:confuseray",
    "tm:disarmingvoice",
    "tm:trailblaze",
    "tm:chillingwater",
    "tm:chargebeam",
    "tm:facade",
    "tm:poisontail",
    "tm:bulldoze",
    "tm:hex",
    "tm:swift",
    "tm:magicalleaf",
    "tm:icywind",
    "tm:mudshot",
    "tm:rocktomb",
    "tm:drainingkiss",
    "tm:dragontail",
    "tm:venoshock",
    "tm:avalanche",
    "tm:endure",
    "tm:raindance",
    "tm:sandstorm",
    "tm:snowscape",
    "tm:psyshock",
    "tm:dig",
    "tm:bulletseed",
    "tm:zenheadbutt",
    "tm:bodyslam",
    "tm:sleeptalk",
    "tm:seedbomb",
    "tm:reflect",
    "tm:lightscreen",
    "tm:rockblast",
    "tm:dazzlinggleam",
    "tm:grassknot",
    "tm:thunderwave",
    "tm:rest",
    "tm:rockslide",
    "tm:swordsdance",
    "tm:bodypress",
    "tm:flashcannon",
    "tm:darkpulse",
    "tm:ironhead",
    "tm:powergem",
    "tm:substitute",
    "tm:gigadrain",
    "tm:stealthrock",
    "tm:hypervoice",
    "tm:energyball",
    "tm:psychic",
    "tm:heavyslam",
    "tm:encore",
    "tm:thunderbolt",
    "tm:playrough",
    "tm:amnesia",
    "tm:calmmind",
    "tm:pollenpuff",
    "tm:earthpower",
    "tm:icebeam",
    "tm:grassyterrain",
    "tm:mistyterrain",
    "tm:blizzard",
    "tm:sludgebomb",
    "tm:stoneedge",
    "tm:leafstorm",
    "tm:thunder",
    "tm:solarbeam",
    "tm:terablast",
    "tm:safeguard",
    "tm:snore",
    "tm:weatherball",
    "tm:iciclespear",
    "tm:brine",
    "tm:round",
    "tm:roar",
    "tm:toxic",
    "tm:hiddenpower",
    "tm:frustration",
    "tm:smackdown",
    "tm:return",
    "tm:doubleteam",
    "tm:sludgewave",
    "tm:echoedvoice",
    "tm:rockpolish",
    "tm:auroraveil",
    "tm:frostbreath",
    "tm:dreameater",
    "tm:swagger",
    "tm:naturepower",
    "tm:confide",
    "tm:triattack",
    "tm:irontail",
    "tm:uproar",
    "tm:powerwhip",
    "tm:grassyglide",
    "tm:rocksmash",
    "tm:meteorbeam",
    "tm:knockoff",
    "tm:doubleedge",
    "tm:irondefense",
    "tm:outrage"
  ],
  "labels": [
    "gen6"
  ],
  "pokedex": [
    "cobblemon.species.leemaura.desc"
  ],
  "evolutions": [
    {
      "id": "leemaura_crinaurus",
      "variant": "level_up",
      "result": "crinaurus",
      "consumeHeldItem": false,
      "learnableMoves": [],
      "requirements": [
        {
          "variant": "level",
          "minLevel": 39
        },
        {
          "variant": "time_range",
          "range": "day"
        }
      ]
    }
  ],
  "baseScale": 0.9,
  "hitbox": {
    "width": 1,
    "height": 2.15,
    "fixed": false
  },
  "baseFriendship": 50,
  "evYield": {
    "hp": 0,
    "attack": 0,
    "defence": 0,
    "special_attack": 0,
    "special_defence": 1,
    "speed": 0
  },
  "height": 13,
  "weight": 252,
  "aspects": [],
  "cannotDynamax": false,
  "drops": {
    "amount": 1,
    "entries": [
      {
        "item": "cobblemon:never_melt_ice",
        "percentage": 5.0
      }
    ]
  }
}
