{
  "implemented": true,
  "name": "pawleo",
  "nationalPokedexNumber": 2007,
  "primaryType": "normal",
  "secondaryType": "dragon",
  "abilities": [
    "multiscale",
    "h:normalize"
  ],
  "baseStats": {
    "hp": 55,
    "attack": 61,
    "defence": 58,
    "special_attack": 45,
    "special_defence": 50,
    "speed": 50
  },
  "catchRate": 25,
  "maleRatio": 0,
  "shoulderMountable": true,
  "baseExperienceYield": 172,
  "experienceGroup": "slow",
  "eggCycles": 30,
  "eggGroups": [
    "undiscovered"
  ],
  "behaviour": {
    "resting": {
      "canSleep": true,
      "depth": "normal",
      "light": "0-4"
    },
    "moving": {
      "walk": {
        "walkSpeed": 0.5
      }
    }
  },
  "moves": [
    "1:tackle",
    "1:tailwhip",
    "3:roar",
    "6:quickattack",
    "9:substitute",
    "14:dig",
    "19:return",
    "16:dragondance",
    "20:scaleshot",
    "egg:curse",
    "egg:dragondance",
    "egg:firefang",
    "egg:icefang",
    "egg:poisonfang",
    "egg:rockpolish",
    "egg:rockthrow",
    "egg:thunderfang",
    "tm:aerialace",
    "tm:assurance",
    "tm:attract",
    "tm:bodyslam",
    "tm:brickbreak",
    "tm:bulldoze",
    "tm:charm",
    "tm:closecombat",
    "tm:confide",
    "tm:crunch",
    "tm:darkpulse",
    "tm:dig",
    "tm:doubleteam",
    "tm:dragonclaw",
    "tm:dragondance",
    "tm:dragonpulse",
    "tm:dragontail",
    "tm:earthpower",
    "tm:earthquake",
    "tm:endure",
    "tm:facade",
    "tm:firefang",
    "tm:frustration",
    "tm:hiddenpower",
    "tm:honeclaws",
    "tm:hypervoice",
    "tm:icefang",
    "tm:irondefense",
    "tm:ironhead",
    "tm:irontail",
    "tm:outrage",
    "tm:playrough",
    "tm:protect",
    "tm:psychicfangs",
    "tm:rest",
    "tm:return",
    "tm:roar",
    "tm:rockblast",
    "tm:rockpolish",
    "tm:rockslide",
    "tm:rocksmash",
    "tm:rocktomb",
    "tm:round",
    "tm:sandstorm",
    "tm:scaryface",
    "tm:secretpower",
    "tm:sleeptalk",
    "tm:snore",
    "tm:stealthrock",
    "tm:stompingtantrum",
    "tm:stoneedge",
    "tm:strength",
    "tm:substitute",
    "tm:sunnyday",
    "tm:superpower",
    "tm:swagger",
    "tm:thunderfang",
    "tm:toxic",
    "tm:zenheadbutt",
    "tutor:block",
    "tutor:dracometeor",
    "tutor:dragonpulse",
    "tutor:earthpower",
    "tutor:hypervoice",
    "tutor:irondefense",
    "tutor:ironhead",
    "tutor:irontail",
    "tutor:lashout",
    "tutor:meteorbeam",
    "tutor:outrage",
    "tutor:roar",
    "tutor:scaleshot",
    "tutor:snore",
    "tutor:stealthrock",
    "tutor:stomp",
    "tutor:stompingtantrum",
    "tutor:superpower",
    "tutor:tackle",
    "tutor:tailwhip",
    "tutor:zenheadbutt"
  ],
  "labels": [
    "gen6"
  ],
  "pokedex": [
    "cobblemon.species.pawleo.desc"
  ],
  "evolutions": [
    {
      "id": "pawleo_blazera",
      "variant": "item_interact",
      "result": "blazera",
      "consumeHeldItem": false,
      "learnableMoves": [
        "headbutt"
      ],
      "requirements": [],
      "requiredContext": "cobblemon:fossilized_drake"
    },
	   {
      "id": "pawleo_oozera",
      "variant": "item_interact",
      "result": "oozera",
      "consumeHeldItem": false,
      "learnableMoves": [
        "venoshock"
      ],
      "requirements": [],
      "requiredContext": "cobblemon:fossilized_dino"
    },
		   {
      "id": "pawleo_glidera",
      "variant": "item_interact",
      "result": "glidera",
      "consumeHeldItem": false,
      "learnableMoves": [
        "aircutter"
      ],
      "requirements": [],
      "requiredContext": "cobblemon:fossilized_bird"
    },
			   {
      "id": "pawleo_divera",
      "variant": "item_interact",
      "result": "divera",
      "consumeHeldItem": false,
      "learnableMoves": [
        "brine"
      ],
      "requirements": [],
      "requiredContext": "cobblemon:fossilized_fish"
    }
  ],
  "baseScale": 0.65,
  "hitbox": {
    "width": 0.5,
    "height": 1,
    "fixed": false
  },
  "baseFriendship": 1,
  "evYield": {
    "hp": 0,
    "attack": 1,
    "defence": 1,
    "special_attack": 0,
    "special_defence": 0,
    "speed": 0
  },
  "height": 8,
  "weight": 260,
  "aspects": [],
  "cannotDynamax": false,
  "drops": {
    "amount": 1,
    "entries": [
      {
        "item": "cobblemon:razor_fang",
        "percentage": 5.0
      }
    ]
  }
}
