{
  "implemented": true,
  "name": "ramcosta",
  "nationalPokedexNumber": 2006,
  "primaryType": "water",
  "secondaryType": "steel",
  "abilities": [
    "sturdy",
    "reckless",
    "h:angershell"
  ],
  "drops": {
    "amount": 2,
    "entries": [
      {
        "item": "minecraft:scute",
        "quantityRange": "0-2"
      }
    ]
  },
  "baseStats": {
    "hp": 82,
    "attack": 127,
    "defence": 123,
    "special_attack": 53,
    "special_defence": 49,
    "speed": 71
  },
  "behaviour": {
    "moving": {
      "walk": {
        "avoidsLand": false,
        "walkSpeed": 0.2
      },
      "swim": {
        "swimSpeed": 0.28,
        "canSwimInWater": true,
        "canBreatheUnderwater": true
      }
    },
    "resting": {
      "canSleep": true,
      "willSleepOnBed": false,
      "depth": "normal",
      "light": "0-4"
    }
  },
  "catchRate": 45,
  "maleRatio": -1,
  "shoulderMountable": false,
  "baseExperienceYield": 177,
  "experienceGroup": "slow",
  "eggCycles": 35,
  "eggGroups": [
    "undiscovered"
  ],
  "moves": [
    "1:triattack",
    "1:ancientpower",
    "1:bide",
    "1:tailwhip",
    "1:metalclaw",
    "1:watergun",
    "7:rapidspin",
    "14:aquajet",
    "21:assurance",
    "28:irondefense",
    "33:razorshell",
    "35:zenheadbutt",
    "41:irontail",
    "48:aquatail",
    "53:heavyslam",
    "55:wideguard",
    "62:headsmash",
    "69:hydropump",
    "76:shellsmash",
    "79:wavecrash",
    "tm:takedown",
    "tm:mudslap",
    "tm:scaryface",
    "tm:protect",
    "tm:waterpulse",
    "tm:lowkick",
    "tm:thief",
    "tm:trailblaze",
    "tm:chillingwater",
    "tm:facade",
    "tm:bulldoze",
    "tm:metalclaw",
    "tm:icywind",
    "tm:mudshot",
    "tm:rocktomb",
    "tm:fling",
    "tm:dragontail",
    "tm:avalanche",
    "tm:endure",
    "tm:raindance",
    "tm:sandstorm",
    "tm:dig",
    "tm:brickbreak",
    "tm:zenheadbutt",
    "tm:bodyslam",
    "tm:thunderpunch",
    "tm:icepunch",
    "tm:sleeptalk",
    "tm:rockblast",
    "tm:waterfall",
    "tm:dragonclaw",
    "tm:stompingtantrum",
    "tm:rest",
    "tm:rockslide",
    "tm:swordsdance",
    "tm:bodypress",
    "tm:flashcannon",
    "tm:ironhead",
    "tm:substitute",
    "tm:irondefense",
    "tm:crunch",
    "tm:liquidation",
    "tm:dragonpulse",
    "tm:stealthrock",
    "tm:heavyslam",
    "tm:surf",
    "tm:flamethrower",
    "tm:thunderbolt",
    "tm:earthpower",
    "tm:icebeam",
    "tm:fireblast",
    "tm:hydropump",
    "tm:blizzard",
    "tm:supercellslam",
    "tm:earthquake",
    "tm:stoneedge",
    "tm:gigaimpact",
    "tm:outrage",
    "tm:focusblast",
    "tm:hyperbeam",
    "tm:thunder",
    "tm:steelbeam",
    "tm:terablast",
    "tm:megapunch",
    "tm:screech",
    "tm:snore",
    "tm:attract",
    "tm:whirlpool",
    "tm:dive",
    "tm:brine",
    "tm:payback",
    "tm:assurance",
    "tm:round",
    "tm:razorshell",
    "tm:roar",
    "tm:toxic",
    "tm:hiddenpower",
    "tm:frustration",
    "tm:smackdown",
    "tm:return",
    "tm:doubleteam",
    "tm:scald",
    "tm:rockpolish",
    "tm:gyroball",
    "tm:swagger",
    "tm:confide",
    "tm:focusenergy",
    "tm:triattack",
    "tm:irontail",
    "tm:superpower",
    "tm:throatchop",
    "tm:flipturn",
    "tm:rocksmash",
    "tm:meteorbeam",
    "tm:knockoff",
    "tm:doubleedge",
    "tm:strength",
    "tm:doubleedge"
  ],
  "labels": [
    "gen5"
  ],
  "pokedex": [
    "cobblemon.species.ramcosta.desc"
  ],
  "baseScale": 0.7,
  "hitbox": {
    "width": 3.5,
    "height": 2.5,
    "fixed": false
  },
  "baseFriendship": 50,
  "evYield": {
    "hp": 0,
    "attack": 2,
    "defence": 0,
    "special_attack": 0,
    "special_defence": 0,
    "speed": 0
  },
  "height": 9,
  "weight": 1615,
  "aspects": [],
  "cannotDynamax": false
}
