{
  "implemented": true,
  "nationalPokedexNumber": 1217,
  "name": "golurkgear",
  "primaryType": "ground",
  "secondaryType": "ghost",
  "maleRatio": -1,
  "height": 28,
  "weight": 3300,
  "pokedex": [
    "cobblemon.species.golurkgear.desc1"
  ],
  
	"labels": [ "custom" ],
	"aspects": [],
	"abilities": [
		"ironfist",
		"battlearmor",
		"h:steelyspirit"
	],
	"eggGroups": [
		"mineral"
	],
  "baseStats": {
    "hp": 89,
    "attack": 124,
    "defence": 125,
    "special_attack": 55,
    "special_defence": 80,
    "speed": 55
  },
  "evYield": {
    "hp": 0,
    "attack": 2,
    "defence": 0,
    "special_attack": 0,
    "special_defence": 0,
    "speed": 0
  },
  "baseExperienceYield": 169,
  "experienceGroup": "medium_fast",
  "catchRate": 90,
  "eggCycles": 25,
  "baseFriendship": 50,
  "baseScale": 1.65,
  "hitbox": {
    "width": 1.4,
    "height": 3.5,
    "fixed": false
  },
  "behaviour": {
    "moving": {
      "walk": {
        "walkSpeed": 0.25
      },
      "swim": {
        "avoidsWater": true,
        "canSwimInWater": false
      }
    },
    "resting": {
      "canSleep": true,
      "light": "0-4"
    }
  },
  "drops": {
    "amount": 4,
    "entries": [
      {
        "item": "minecraft:clay_ball",
        "quantityRange": "0-2"
      },
      {
        "item": "minecraft:iron_ingot",
        "percentage": 5.0
      },
      {
        "item": "cobblemon:colbur_berry",
        "percentage": 5.0
      }
    ]
  },
  "moves": [
    "1:shiftgear",
    "1:geargrind",
    "1:pound",
    "1:astonish",
    "1:defensecurl",
    "1:mudslap",
    "1:rollout",
    "1:magnitude",
    "1:focuspunch",
    "1:highhorsepower",
    "12:shadowpunch",
    "16:curse",
    "20:nightshade",
    "24:stompingtantrum",
    "28:irondefense",
    "32:megapunch",
    "36:shadowball",
    "40:heavyslam",
    "46:phantomforce",
    "49:lastrespects",
    "52:hammerarm",
    "56:meteormash",
    "58:earthquake",
    "64:dynamicpunch",
    "66:doubleironbash",
    "egg:magnitude",
    "tm:shiftgear",
    "tm:geargrind",
    "tm:meteormash",
    "tm:allyswitch",
    "tm:block",
    "tm:bodypress",
    "tm:bodyslam",
    "tm:brickbreak",
    "tm:bulldoze",
    "tm:chargebeam",
    "tm:closecombat",
    "tm:confuseray",
    "tm:curse",
    "tm:darkestlariat",
    "tm:dig",
    "tm:doubleedge",
    "tm:drainpunch",
    "tm:earthpower",
    "tm:earthquake",
    "tm:endure",
    "tm:facade",
    "tm:firepunch",
    "tm:flash",
    "tm:flashcannon",
    "tm:fling",
    "tm:fly",
    "tm:focusblast",
    "tm:focuspunch",
    "tm:gigaimpact",
    "tm:grassknot",
    "tm:gravity",
    "tm:gyroball",
    "tm:hardpress",
    "tm:heatcrash",
    "tm:heavyslam",
    "tm:helpinghand",
    "tm:hex",
    "tm:highhorsepower",
    "tm:hyperbeam",
    "tm:icebeam",
    "tm:icepunch",
    "tm:icywind",
    "tm:imprison",
    "tm:irondefense",
    "tm:knockoff",
    "tm:lowkick",
    "tm:lowsweep",
    "tm:magiccoat",
    "tm:megakick",
    "tm:megapunch",
    "tm:mudslap",
    "tm:nightshade",
    "tm:phantomforce",
    "tm:poltergeist",
    "tm:poweruppunch",
    "tm:protect",
    "tm:psychic",
    "tm:psychup",
    "tm:raindance",
    "tm:reflect",
    "tm:rest",
    "tm:rockpolish",
    "tm:rockslide",
    "tm:rocksmash",
    "tm:rocktomb",
    "tm:rollout",
    "tm:safeguard",
    "tm:sandstorm",
    "tm:scorchingsands",
    "tm:selfdestruct",
    "tm:shadowball",
    "tm:shockwave",
    "tm:signalbeam",
    "tm:sleeptalk",
    "tm:smackdown",
    "tm:solarbeam",
    "tm:stealthrock",
    "tm:stompingtantrum",
    "tm:stoneedge",
    "tm:strength",
    "tm:substitute",
    "tm:sunnyday",
    "tm:superpower",
    "tm:takedown",
    "tm:telekinesis",
    "tm:terablast",
    "tm:thief",
    "tm:thunderbolt",
    "tm:thunderpunch",
    "tm:trick",
    "tm:zenheadbutt",
    "tutor:allyswitch",
    "tutor:block",
    "tutor:bulldoze",
    "tutor:chargebeam",
    "tutor:drainpunch",
    "tutor:earthpower",
    "tutor:firepunch",
    "tutor:flashcannon",
    "tutor:focuspunch",
    "tutor:gigaimpact",
    "tutor:gravity",
    "tutor:helpinghand",
    "tutor:highhorsepower",
    "tutor:hyperbeam",
    "tutor:icebeam",
    "tutor:icepunch",
    "tutor:icywind",
    "tutor:irondefense",
    "tutor:knockoff",
    "tutor:lowkick",
    "tutor:magiccoat",
    "tutor:mudslap",
    "tutor:poltergeist",
    "tutor:psychic",
    "tutor:rest",
    "tutor:rockslide",
    "tutor:rocksmash",
    "tutor:rollout",
    "tutor:scorchingsands",
    "tutor:shadowball",
    "tutor:shockwave",
    "tutor:signalbeam",
    "tutor:sleeptalk",
    "tutor:stealthrock",
    "tutor:stompingtantrum",
    "tutor:stoneedge",
    "tutor:superpower",
    "tutor:telekinesis",
    "tutor:thunderbolt",
    "tutor:thunderpunch",
    "tutor:trick",
    "tutor:zenheadbutt"
  ],
  "preEvolution": "golett",
  "evolutions": []
}