{
  "type": "minecraft:generic",
  "pools": [
    {
      "bonus_rolls": 0.0,
      "entries": [
        {
          "type": "minecraft:item",
          "weight": 1,
          "functions": [
            {
              "add": false,
              "count": 1,
              "function": "minecraft:set_count"
            },
            {
              "function": "minecraft:set_components",
              "components": {
                "minecraft:custom_model_data": 2,
                "minecraft:item_name": "\"Curved Seamitar\"",
                "minecraft:max_damage": 20
              }
            }
          ],
          "name": "minecraft:diamond_sword",
          "conditions": []
        }
      ],
      "rolls": 1.0
    }
  ]
}