{
	"format_version": "1.12.0",
	"minecraft:geometry": [
		{
			"description": {
				"identifier": "geometry.blazera",
				"texture_width": 128,
				"texture_height": 128,
				"visible_bounds_width": 6,
				"visible_bounds_height": 3.5,
				"visible_bounds_offset": [0, 1.25, 0]
			},
			"bones": [
				{
					"name": "flamera",
					"pivot": [0, 0, 0]
				},
				{
					"name": "body",
					"parent": "flamera",
					"pivot": [0, 0, 0]
				},
				{
					"name": "leftleg",
					"parent": "body",
					"pivot": [-5.5, 22.45067, 0.4381],
					"cubes": [
						{"origin": [-8.5, 15.35843, -5.01231], "size": [6, 11, 9], "pivot": [-1, 18.84569, -10.86738], "rotation": [-17.59165, 0, 0], "uv": [62, 27], "mirror": true},
						{"origin": [-8.5, 12.35843, -5.01231], "size": [6, 3, 2], "pivot": [-1, 18.84569, -10.86738], "rotation": [-17.59165, 0, 0], "uv": [0, 0], "mirror": true},
						{"origin": [-8, -0.84381, 2.89921], "size": [5, 10, 5], "inflate": 0.01, "pivot": [-1.5, 0.64345, -3.95587], "rotation": [52.40835, 0, 0], "uv": [26, 79], "mirror": true},
						{"origin": [-8, 3.15045, 0.44895], "size": [5, 6, 4], "pivot": [-1.5, 5.63771, -8.40613], "rotation": [-0.09165, 0, 0], "uv": [83, 26], "mirror": true},
						{"origin": [-8, 0.15045, -1.55105], "size": [5, 3, 6], "pivot": [-1.5, 7.63771, -8.40613], "rotation": [-0.09165, 0, 0], "uv": [73, 47], "mirror": true},
						{"origin": [-8, -1.26924, -7.05687], "size": [5, 1, 4], "pivot": [-9.5, 5.21802, -10.91195], "rotation": [22.40835, 0, 0], "uv": [89, 43], "mirror": true},
						{"origin": [-8, -0.84955, 8.24895], "size": [5, 3, 1], "pivot": [-1.5, 7.63771, 3.39387], "rotation": [-82.59165, 0, 0], "uv": [86, 79], "mirror": true},
						{"origin": [-8, 0.15045, -5.05105], "size": [5, 1, 4], "pivot": [-1.5, 7.63771, -7.90613], "rotation": [-0.09165, 0, 0], "uv": [42, 36], "mirror": true}
					]
				},
				{
					"name": "rightleg",
					"parent": "body",
					"pivot": [5.5, 22.45067, 1.4381],
					"cubes": [
						{"origin": [2.5, 15.35843, -5.01231], "size": [6, 11, 9], "pivot": [1, 18.84569, -10.86738], "rotation": [-17.59165, 0, 0], "uv": [62, 27]},
						{"origin": [2.5, 12.35843, -5.01231], "size": [6, 3, 2], "pivot": [1, 18.84569, -10.86738], "rotation": [-17.59165, 0, 0], "uv": [0, 0]},
						{"origin": [3, -0.84381, 2.89921], "size": [5, 10, 5], "inflate": 0.01, "pivot": [1.5, 0.64345, -3.95587], "rotation": [52.40835, 0, 0], "uv": [26, 79]},
						{"origin": [3, 3.15045, 0.44895], "size": [5, 6, 4], "pivot": [1.5, 5.63771, -8.40613], "rotation": [-0.09165, 0, 0], "uv": [83, 26]},
						{"origin": [3, -0.84955, 8.24895], "size": [5, 3, 1], "pivot": [1.5, 7.63771, 3.39387], "rotation": [-82.59165, 0, 0], "uv": [86, 79]},
						{"origin": [3, -1.26924, -7.05687], "size": [5, 1, 4], "pivot": [9.5, 5.21802, -10.91195], "rotation": [22.40835, 0, 0], "uv": [89, 43]},
						{"origin": [3, 0.15045, -5.05105], "size": [5, 1, 4], "pivot": [1.5, 7.63771, -7.90613], "rotation": [-0.09165, 0, 0], "uv": [42, 36]},
						{"origin": [3, 0.15045, -1.55105], "size": [5, 3, 6], "pivot": [1.5, 7.63771, -8.40613], "rotation": [-0.09165, 0, 0], "uv": [73, 47]}
					]
				},
				{
					"name": "torso",
					"parent": "body",
					"pivot": [0, 18.80646, 0.81132],
					"cubes": [
						{"origin": [-6.5, 15.35843, -13.01231], "size": [13, 13, 17], "pivot": [0, 20.84569, -12.86738], "rotation": [-2.59165, 0, 0], "uv": [0, 0]},
						{"origin": [-3.5, 28.35843, -13.01231], "size": [0, 6, 17], "inflate": 0.01, "pivot": [3, 20.84569, -12.86738], "rotation": [-2.59165, 0, 0], "uv": [34, 13]},
						{"origin": [3.5, 28.35843, -13.01231], "size": [0, 6, 17], "inflate": 0.01, "pivot": [-3, 20.84569, -12.86738], "rotation": [-2.59165, 0, 0], "uv": [34, 13], "mirror": true},
						{"origin": [3.5, 25.35843, -13.01231], "size": [0, 5, 8], "pivot": [-3, 18.84569, -12.86738], "rotation": [24.90835, 0, 0], "uv": [112, -8], "mirror": true},
						{"origin": [-3.5, 25.35843, -13.01231], "size": [0, 5, 8], "pivot": [3, 18.84569, -12.86738], "rotation": [24.90835, 0, 0], "uv": [112, -8]}
					]
				},
				{
					"name": "tail",
					"parent": "torso",
					"pivot": [0, 21.97713, 2.99391],
					"cubes": [
						{"origin": [-3.5, 17.58974, 3.9703], "size": [7, 9, 6], "pivot": [0, 20.07699, 6.11523], "rotation": [-2.59165, 0, 0], "uv": [71, 11]},
						{"origin": [-3.5, 26.55843, 3.98769], "size": [0, 6, 5], "pivot": [3, 19.04569, 4.13262], "rotation": [-2.59165, 0, 0], "uv": [60, 12]},
						{"origin": [3.5, 26.55843, 3.98769], "size": [0, 6, 5], "pivot": [-3, 19.04569, 4.13262], "rotation": [-2.59165, 0, 0], "uv": [60, 12], "mirror": true}
					]
				},
				{
					"name": "tail2",
					"parent": "tail",
					"pivot": [0, 21.60264, 8.32179],
					"cubes": [
						{"origin": [-4.5, 16.58974, 8.9703], "size": [9, 11, 6], "pivot": [0, 20.07699, 6.11523], "rotation": [-2.59165, 0, 0], "uv": [40, 62]},
						{"origin": [3.5, 26.35843, 8.98769], "size": [0, 6, 6], "pivot": [-3, 18.84569, 4.13262], "rotation": [-2.59165, 0, 0], "uv": [68, 80], "mirror": true},
						{"origin": [-3.5, 26.35843, 8.98769], "size": [0, 6, 6], "pivot": [3, 18.84569, 4.13262], "rotation": [-2.59165, 0, 0], "uv": [68, 80]}
					]
				},
				{
					"name": "tail3",
					"parent": "tail2",
					"pivot": [0, 21.07845, 14.78226],
					"cubes": [
						{"origin": [-5.5, 15.58974, 14.9703], "size": [11, 13, 9], "pivot": [0, 20.07699, 6.11523], "rotation": [-2.59165, 0, 0], "uv": [0, 53]},
						{"origin": [3.5, 26.056, 17.05926], "size": [0, 6, 4], "pivot": [-3, 18.54326, 17.20418], "rotation": [-15.09165, 0, 0], "uv": [0, 26], "mirror": true},
						{"origin": [-3.5, 26.056, 17.05926], "size": [0, 6, 4], "pivot": [3, 18.54326, 17.20418], "rotation": [-15.09165, 0, 0], "uv": [0, 26]},
						{"origin": [3.5, 26.35843, 14.98769], "size": [0, 6, 5], "pivot": [-3, 18.84569, 4.13262], "rotation": [-2.59165, 0, 0], "uv": [60, 12], "mirror": true},
						{"origin": [-3.5, 26.35843, 14.98769], "size": [0, 6, 5], "pivot": [3, 18.84569, 4.13262], "rotation": [-2.59165, 0, 0], "uv": [60, 12]}
					]
				},
				{
					"name": "tail4",
					"parent": "tail3",
					"pivot": [0, 21.65423, 24.03794],
					"cubes": [
						{"origin": [-3.5, 17.60191, 23.95701], "size": [7, 9, 6], "pivot": [0, 20.08917, 17.10193], "rotation": [-2.59165, 0, 0], "uv": [70, 56]}
					]
				},
				{
					"name": "tail5",
					"parent": "tail4",
					"pivot": [0, 21.28241, 30.05441],
					"cubes": [
						{"origin": [-2.5, 18.73061, 29.95087], "size": [5, 6, 6], "pivot": [0, 19.21786, 23.09579], "rotation": [-2.59165, 0, 0], "uv": [46, 79]}
					]
				},
				{
					"name": "torso2",
					"parent": "torso",
					"pivot": [-0.00065, 21.9652, -11.18225],
					"cubes": [
						{"origin": [-5.5, 15.84202, -16.12627], "size": [11, 11, 6], "pivot": [0, 20.84569, -12.86738], "rotation": [-0.09089, 1.66307, 0.34185], "uv": [43, 0]}
					]
				},
				{
					"name": "rightarm",
					"parent": "torso2",
					"pivot": [4.55345, 18.78162, -15.20421],
					"cubes": [
						{"origin": [4, 16.35843, -14.01231], "size": [2, 3, 3], "pivot": [-1.5, 18.84569, -12.86738], "rotation": [61.90707, 24.42468, -7.43079], "uv": [91, 10]},
						{"origin": [4, 12.35843, -14.01231], "size": [2, 4, 3], "pivot": [-1.5, 18.84569, -12.86738], "rotation": [61.90707, 24.42468, -7.43079], "uv": [60, 23]}
					]
				},
				{
					"name": "leftarm",
					"parent": "torso2",
					"pivot": [-4.55345, 18.78162, -15.20421],
					"cubes": [
						{"origin": [-6, 12.35843, -14.01231], "size": [2, 4, 3], "pivot": [1.5, 18.84569, -12.86738], "rotation": [61.90707, -24.42468, 7.43079], "uv": [60, 23], "mirror": true},
						{"origin": [-6, 16.35843, -14.01231], "size": [2, 3, 3], "pivot": [1.5, 18.84569, -12.86738], "rotation": [61.90707, -24.42468, 7.43079], "uv": [91, 10], "mirror": true}
					]
				},
				{
					"name": "neck",
					"parent": "torso2",
					"pivot": [-0.02378, 22.80647, -18.88513],
					"cubes": [
						{"origin": [-6.66958, 15.85299, -23.12046], "size": [13, 14, 8], "pivot": [-0.16958, 22.85299, -19.12046], "rotation": [-7.59089, 1.66307, 0.34185], "uv": [0, 30]},
						{"origin": [6.21389, 17.35087, -22.67447], "size": [6, 12, 0], "pivot": [6.21477, 23.33137, -22.73043], "rotation": [-11.32828, -47.76179, 8.99994], "uv": [80, 86]},
						{"origin": [-10.21389, 18.35087, -18.67447], "size": [5, 8, 0], "pivot": [-5.21477, 22.33137, -18.73043], "rotation": [-11.32828, 47.76179, -8.99994], "uv": [0, 90], "mirror": true},
						{"origin": [-5.5, 30.27201, -22.22613], "size": [11, 5, 0], "pivot": [0.31111, 29.79843, -21.82933], "rotation": [-57.59089, 0, 0], "uv": [0, 85]},
						{"origin": [-4.5, 29.27201, -17.22613], "size": [9, 3, 0], "pivot": [0.31111, 28.79843, -16.82933], "rotation": [-57.59089, 0, 0], "uv": [77, 7]},
						{"origin": [5.21389, 18.35087, -18.67447], "size": [5, 8, 0], "pivot": [5.21477, 22.33137, -18.73043], "rotation": [-11.32828, -47.76179, 8.99994], "uv": [0, 90]},
						{"origin": [-12.21389, 17.35087, -22.67447], "size": [6, 12, 0], "pivot": [-6.21477, 23.33137, -22.73043], "rotation": [-11.32828, 47.76179, -8.99994], "uv": [80, 86], "mirror": true},
						{"origin": [-4.9, 18.27201, -23.22613], "size": [11, 5, 0], "pivot": [0.28889, 17.79843, -22.82933], "rotation": [-22.40911, 0, 180], "uv": [0, 85], "mirror": true},
						{"origin": [-3.9, 18.27201, -20.22613], "size": [9, 4, 0], "pivot": [0.28889, 17.79843, -19.82933], "rotation": [-22.40911, 0, 180], "uv": [21, 75]}
					]
				},
				{
					"name": "head",
					"parent": "neck",
					"pivot": [0, 22.74148, -25.86916],
					"cubes": [
						{"origin": [-4, 20, -36], "size": [8, 5, 5], "uv": [0, 75]},
						{"origin": [1, 33.79013, -33.99106], "size": [3, 1, 2], "pivot": [0, 25.79013, -14.99106], "rotation": [27.5, 0, 0], "uv": [41, 79]},
						{"origin": [-4, 33.79013, -33.99106], "size": [3, 1, 2], "pivot": [0, 25.79013, -14.99106], "rotation": [27.5, 0, 0], "uv": [71, 0]},
						{"origin": [-5, 18, -31], "size": [10, 10, 11], "uv": [31, 41]},
						{"origin": [3.00198, 25.82984, -30], "size": [7, 3, 4], "pivot": [9.45857, 27.33364, -28], "rotation": [0, 20, -10], "uv": [68, 79]},
						{"origin": [-12.91516, 26.33744, -28.5], "size": [5, 2, 3], "pivot": [-7.45857, 27.33364, -27], "rotation": [0, -40, 10], "uv": [62, 47]},
						{"origin": [7.91516, 26.33744, -28.5], "size": [5, 2, 3], "pivot": [7.45857, 27.33364, -27], "rotation": [0, 40, -10], "uv": [0, 12]},
						{"origin": [-10.00198, 25.82984, -30], "size": [7, 3, 4], "pivot": [-9.45857, 27.33364, -28], "rotation": [0, -20, 10], "uv": [77, 0]},
						{"origin": [5, 26, -32.6], "size": [0, 3, 4], "pivot": [0, 18, -20.6], "rotation": [-10, 0, 0], "uv": [8, 1]},
						{"origin": [-5, 26, -32.6], "size": [0, 3, 4], "pivot": [0, 18, -20.6], "rotation": [-10, 0, 0], "uv": [0, 1]},
						{"origin": [1, 28, -26], "size": [4, 5, 1], "uv": [90, 56]},
						{"origin": [-5, 28, -26], "size": [4, 5, 1], "uv": [10, 90]}
					]
				},
				{
					"name": "eyes",
					"parent": "head",
					"pivot": [0, 23.24494, -28.41757],
					"cubes": [
						{"origin": [5, 22.23634, -29.49059], "size": [0, 2, 2], "inflate": 0.02, "pivot": [5, 23.23634, -27.99059], "rotation": [17.5, 0, 0], "uv": [13, 10], "mirror": true},
						{"origin": [5, 22.23634, -29.49059], "size": [0, 2, 3], "inflate": 0.01, "pivot": [5, 23.23634, -27.99059], "rotation": [17.5, 0, 0], "uv": [0, 33], "mirror": true},
						{"origin": [5, 23.23634, -29.19059], "size": [0, 1, 1], "inflate": 0.04, "pivot": [5, 23.23634, -27.69059], "rotation": [17.5, 0, 0], "uv": [0, 0], "mirror": true},
						{"origin": [-5, 22.23634, -29.49059], "size": [0, 2, 3], "inflate": 0.01, "pivot": [-5, 23.23634, -27.99059], "rotation": [17.5, 0, 0], "uv": [0, 33]},
						{"origin": [-5, 22.23634, -29.49059], "size": [0, 2, 2], "inflate": 0.02, "pivot": [-5, 23.23634, -27.99059], "rotation": [17.5, 0, 0], "uv": [13, 10]},
						{"origin": [-5, 23.23634, -29.19059], "size": [0, 1, 1], "inflate": 0.04, "pivot": [-5, 23.23634, -27.69059], "rotation": [17.5, 0, 0], "uv": [0, 0]}
					]
				},
				{
					"name": "jaw",
					"parent": "head",
					"pivot": [0, 20.4, -31.13636],
					"cubes": [
						{"origin": [-4.5, 18, -36.5], "size": [9, 2, 6], "uv": [70, 71]},
						{"origin": [4.4, 19, -33.7], "size": [0, 2, 1], "uv": [124, 15], "mirror": true},
						{"origin": [4.4, 19.5, -35.2], "size": [0, 2, 1], "uv": [124, 15], "mirror": true},
						{"origin": [4.4, 20, -36.4], "size": [0, 2, 1], "uv": [124, 15], "mirror": true},
						{"origin": [3.4, 20, -36.4], "size": [1, 2, 0], "uv": [125, 16], "mirror": true},
						{"origin": [1.8, 19.2, -36.3], "size": [1, 2, 0], "uv": [126, 16], "mirror": true},
						{"origin": [-2.8, 19.2, -36.3], "size": [1, 2, 0], "uv": [126, 16]},
						{"origin": [-4.4, 20, -36.4], "size": [0, 2, 1], "uv": [124, 15]},
						{"origin": [-4.4, 20, -36.4], "size": [1, 2, 0], "uv": [125, 16]},
						{"origin": [-4.4, 19, -33.7], "size": [0, 2, 1], "uv": [124, 15]},
						{"origin": [-4.4, 19.5, -35.2], "size": [0, 2, 1], "uv": [124, 15]}
					]
				}
			]
		}
	]
}