{
    "type": "gachamachine:gacha_machine",
    "pools": [
        {
            "conditions": [],
            "entries": [
                {
                    "type": "minecraft:item",
                    "name": "gachamachine:basic_capsule",
                    "weight": 51
                },
                {
                    "type": "minecraft:item",
                    "name": "gachamachine:copper_capsule",
                    "weight": 24
                },
                {
                    "type": "minecraft:item",
                    "name": "gachamachine:iron_capsule",
                    "weight": 15
                },
                {
                    "type": "minecraft:item",
                    "name": "gachamachine:diamond_capsule",
                    "weight": 7
                },
                {
                    "type": "minecraft:item",
                    "name": "gachamachine:netherite_capsule",
                    "weight": 3
                }
            ],
            "bonus_rolls": 0,
            "rolls": 1
        }
    ]
}
