{
  "type": "gachamachine:capsule",
  "pools": [
    {
      "rolls": 1,
      "entries": [
        { "type": "minecraft:item", "name": "cobblemon:ancient_great_ball", "functions": [{ "function": "set_count", "count": 5 }] },
  { "type": "minecraft:item", "name": "cobblemon:ancient_leaden_ball", "functions": [{ "function": "set_count", "count": 5 }] },
  { "type": "minecraft:item", "name": "cobblemon:ancient_wing_ball", "functions": [{ "function": "set_count", "count": 5 }] },
  { "type": "minecraft:item", "name": "cobblemon:dive_ball", "functions": [{ "function": "set_count", "count": 5 }] },
  { "type": "minecraft:item", "name": "cobblemon:fast_ball", "functions": [{ "function": "set_count", "count": 5 }] },
  { "type": "minecraft:item", "name": "cobblemon:friend_ball", "functions": [{ "function": "set_count", "count": 5 }] },
  { "type": "minecraft:item", "name": "cobblemon:great_ball", "functions": [{ "function": "set_count", "count": 5 }] },
  { "type": "minecraft:item", "name": "cobblemon:heavy_ball", "functions": [{ "function": "set_count", "count": 5 }] },
  { "type": "minecraft:item", "name": "cobblemon:level_ball", "functions": [{ "function": "set_count", "count": 5 }] },
  { "type": "minecraft:item", "name": "cobblemon:lure_ball", "functions": [{ "function": "set_count", "count": 5 }] },
  { "type": "minecraft:item", "name": "cobblemon:moon_ball", "functions": [{ "function": "set_count", "count": 5 }] },
  { "type": "minecraft:item", "name": "cobblemon:nest_ball", "functions": [{ "function": "set_count", "count": 5 }] },
  { "type": "minecraft:item", "name": "cobblemon:net_ball", "functions": [{ "function": "set_count", "count": 5 }] },
  { "type": "minecraft:item", "name": "cobblemon:park_ball", "functions": [{ "function": "set_count", "count": 5 }] },
  { "type": "minecraft:item", "name": "cobblemon:sport_ball", "functions": [{ "function": "set_count", "count": 5 }] },
  { "type": "minecraft:item", "name": "cobblemon:dire_hit", "functions": [{ "function": "set_count", "count": 3 }] },
  { "type": "minecraft:item", "name": "cobblemon:guard_spec", "functions": [{ "function": "set_count", "count": 3 }] },
  { "type": "minecraft:item", "name": "cobblemon:x_accuracy", "functions": [{ "function": "set_count", "count": 3 }] },
  { "type": "minecraft:item", "name": "cobblemon:x_attack", "functions": [{ "function": "set_count", "count": 3 }] },
  { "type": "minecraft:item", "name": "cobblemon:x_defence", "functions": [{ "function": "set_count", "count": 3 }] },
  { "type": "minecraft:item", "name": "cobblemon:x_special_attack", "functions": [{ "function": "set_count", "count": 3 }] },
  { "type": "minecraft:item", "name": "cobblemon:x_special_defence", "functions": [{ "function": "set_count", "count": 3 }] },
  { "type": "minecraft:item", "name": "cobblemon:x_speed", "functions": [{ "function": "set_count", "count": 3 }] },
  { "type": "minecraft:item", "name": "cobblemon:bygone_sherd", "functions": [{ "function": "set_count", "count": 5 }] },
  { "type": "minecraft:item", "name": "cobblemon:capture_sherd", "functions": [{ "function": "set_count", "count": 5 }] },
  { "type": "minecraft:item", "name": "cobblemon:dome_sherd", "functions": [{ "function": "set_count", "count": 5 }] },
  { "type": "minecraft:item", "name": "cobblemon:helix_sherd", "functions": [{ "function": "set_count", "count": 5 }] },
  { "type": "minecraft:item", "name": "cobblemon:nostalgic_sherd", "functions": [{ "function": "set_count", "count": 5 }] },
  { "type": "minecraft:item", "name": "cobblemon:suspicious_sherd", "functions": [{ "function": "set_count", "count": 5 }] },
  { "type": "minecraft:item", "name": "cobblemon:deep_sea_scale", "functions": [{ "function": "set_count", "count": 3 }] },
  { "type": "minecraft:item", "name": "cobblemon:deep_sea_tooth", "functions": [{ "function": "set_count", "count": 3 }] },
  { "type": "minecraft:item", "name": "cobblemon:elixir", "functions": [{ "function": "set_count", "count": 3 }] },
  { "type": "minecraft:item", "name": "cobblemon:ether", "functions": [{ "function": "set_count", "count": 3 }] },
  { "type": "minecraft:item", "name": "cobblemon:dawn_stone", "functions": [{ "function": "set_count", "count": 5 }] },
  { "type": "minecraft:item", "name": "cobblemon:dusk_stone", "functions": [{ "function": "set_count", "count": 5 }] },
  { "type": "minecraft:item", "name": "cobblemon:fire_stone", "functions": [{ "function": "set_count", "count": 5 }] },
  { "type": "minecraft:item", "name": "cobblemon:ice_stone", "functions": [{ "function": "set_count", "count": 5 }] },
  { "type": "minecraft:item", "name": "cobblemon:leaf_stone", "functions": [{ "function": "set_count", "count": 5 }] },
  { "type": "minecraft:item", "name": "cobblemon:moon_stone", "functions": [{ "function": "set_count", "count": 5 }] },
  { "type": "minecraft:item", "name": "cobblemon:shiny_stone", "functions": [{ "function": "set_count", "count": 5 }] },
  { "type": "minecraft:item", "name": "cobblemon:sun_stone", "functions": [{ "function": "set_count", "count": 5 }] },
  { "type": "minecraft:item", "name": "cobblemon:thunder_stone", "functions": [{ "function": "set_count", "count": 5 }] },
  { "type": "minecraft:item", "name": "cobblemon:water_stone", "functions": [{ "function": "set_count", "count": 5 }] },
  { "type": "minecraft:item", "name": "cobblemon:auspicious_armor", "functions": [{ "function": "set_count", "count": 2 }] },
  { "type": "minecraft:item", "name": "cobblemon:black_augurite", "functions": [{ "function": "set_count", "count": 2 }] },
  { "type": "minecraft:item", "name": "cobblemon:dragon_scale", "functions": [{ "function": "set_count", "count": 2 }] },
  { "type": "minecraft:item", "name": "cobblemon:dubious_disc", "functions": [{ "function": "set_count", "count": 2 }] },
  { "type": "minecraft:item", "name": "cobblemon:electirizer", "functions": [{ "function": "set_count", "count": 2 }] },
  { "type": "minecraft:item", "name": "cobblemon:galarica_cuff", "functions": [{ "function": "set_count", "count": 2 }] },
  { "type": "minecraft:item", "name": "cobblemon:galarica_wreath", "functions": [{ "function": "set_count", "count": 2 }] },
  { "type": "minecraft:item", "name": "cobblemon:kings_rock", "functions": [{ "function": "set_count", "count": 2 }] },
  { "type": "minecraft:item", "name": "cobblemon:link_cable", "functions": [{ "function": "set_count", "count": 2 }] },
  { "type": "minecraft:item", "name": "cobblemon:magmarizer", "functions": [{ "function": "set_count", "count": 2 }] },
  { "type": "minecraft:item", "name": "cobblemon:malicious_armor", "functions": [{ "function": "set_count", "count": 2 }] },
  { "type": "minecraft:item", "name": "cobblemon:metal_coat", "functions": [{ "function": "set_count", "count": 2 }] },
  { "type": "minecraft:item", "name": "cobblemon:oval_stone", "functions": [{ "function": "set_count", "count": 2 }] },
  { "type": "minecraft:item", "name": "cobblemon:peat_block", "functions": [{ "function": "set_count", "count": 2 }] },
  { "type": "minecraft:item", "name": "cobblemon:prism_scale", "functions": [{ "function": "set_count", "count": 2 }] },
  { "type": "minecraft:item", "name": "cobblemon:protector", "functions": [{ "function": "set_count", "count": 2 }] },
  { "type": "minecraft:item", "name": "cobblemon:reaper_cloth", "functions": [{ "function": "set_count", "count": 2 }] },
  { "type": "minecraft:item", "name": "cobblemon:sachet", "functions": [{ "function": "set_count", "count": 2 }] },
  { "type": "minecraft:item", "name": "cobblemon:shell_helmet", "functions": [{ "function": "set_count", "count": 2 }] },
  { "type": "minecraft:item", "name": "cobblemon:upgrade", "functions": [{ "function": "set_count", "count": 2 }] },
  { "type": "minecraft:item", "name": "cobblemon:whipped_dream", "functions": [{ "function": "set_count", "count": 2 }] },
  { "type": "minecraft:item", "name": "cobblemon:exp_candy_l", "functions": [{ "function": "set_count", "count": 10 }] },
  { "type": "minecraft:item", "name": "cobblemon:exp_candy_m", "functions": [{ "function": "set_count", "count": 20 }] },
  { "type": "minecraft:item", "name": "cobblemon:clever_feather", "functions": [{ "function": "set_count", "count": 10 }] },
  { "type": "minecraft:item", "name": "cobblemon:genius_feather", "functions": [{ "function": "set_count", "count": 10 }] },
  { "type": "minecraft:item", "name": "cobblemon:health_feather", "functions": [{ "function": "set_count", "count": 10 }] },
  { "type": "minecraft:item", "name": "cobblemon:muscle_feather", "functions": [{ "function": "set_count", "count": 10 }] },
  { "type": "minecraft:item", "name": "cobblemon:resist_feather", "functions": [{ "function": "set_count", "count": 10 }] },
  { "type": "minecraft:item", "name": "cobblemon:swift_feather", "functions": [{ "function": "set_count", "count": 10 }] },
  { "type": "minecraft:item", "name": "cobblemon:armor_fossil", "functions": [{ "function": "set_count", "count": 1 }] },
  { "type": "minecraft:item", "name": "cobblemon:claw_fossil", "functions": [{ "function": "set_count", "count": 1 }] },
  { "type": "minecraft:item", "name": "cobblemon:cover_fossil", "functions": [{ "function": "set_count", "count": 1 }] },
  { "type": "minecraft:item", "name": "cobblemon:dome_fossil", "functions": [{ "function": "set_count", "count": 1 }] },
  { "type": "minecraft:item", "name": "cobblemon:fossilized_bird", "functions": [{ "function": "set_count", "count": 1 }] },
  { "type": "minecraft:item", "name": "cobblemon:fossilized_dino", "functions": [{ "function": "set_count", "count": 1 }] },
  { "type": "minecraft:item", "name": "cobblemon:fossilized_drake", "functions": [{ "function": "set_count", "count": 1 }] },
  { "type": "minecraft:item", "name": "cobblemon:fossilized_fish", "functions": [{ "function": "set_count", "count": 1 }] },
  { "type": "minecraft:item", "name": "cobblemon:helix_fossil", "functions": [{ "function": "set_count", "count": 1 }] },
  { "type": "minecraft:item", "name": "cobblemon:jaw_fossil", "functions": [{ "function": "set_count", "count": 1 }] },
  { "type": "minecraft:item", "name": "cobblemon:old_amber_fossil", "functions": [{ "function": "set_count", "count": 1 }] },
  { "type": "minecraft:item", "name": "cobblemon:plume_fossil", "functions": [{ "function": "set_count", "count": 1 }] },
  { "type": "minecraft:item", "name": "cobblemon:root_fossil", "functions": [{ "function": "set_count", "count": 1 }] },
  { "type": "minecraft:item", "name": "cobblemon:sail_fossil", "functions": [{ "function": "set_count", "count": 1 }] },
  { "type": "minecraft:item", "name": "cobblemon:skull_fossil", "functions": [{ "function": "set_count", "count": 1 }] },
  { "type": "minecraft:item", "name": "cobblemon:revival_herb", "functions": [{ "function": "set_count", "count": 3 }] },
  { "type": "minecraft:item", "name": "cobblemon:mental_herb", "functions": [{ "function": "set_count", "count": 3 }] },
  { "type": "minecraft:item", "name": "cobblemon:mirror_herb", "functions": [{ "function": "set_count", "count": 3 }] },
  { "type": "minecraft:item", "name": "cobblemon:power_herb", "functions": [{ "function": "set_count", "count": 3 }] },
  { "type": "minecraft:item", "name": "cobblemon:white_herb", "functions": [{ "function": "set_count", "count": 3 }] },
  { "type": "minecraft:item", "name": "cobblemon:adamant_mint", "functions": [{ "function": "set_count", "count": 3 }] },
  { "type": "minecraft:item", "name": "cobblemon:bold_mint", "functions": [{ "function": "set_count", "count": 3 }] },
  { "type": "minecraft:item", "name": "cobblemon:brave_mint", "functions": [{ "function": "set_count", "count": 3 }] },
  { "type": "minecraft:item", "name": "cobblemon:calm_mint", "functions": [{ "function": "set_count", "count": 3 }] },
  { "type": "minecraft:item", "name": "cobblemon:careful_mint", "functions": [{ "function": "set_count", "count": 3 }] },
  { "type": "minecraft:item", "name": "cobblemon:gentle_mint", "functions": [{ "function": "set_count", "count": 3 }] },
  { "type": "minecraft:item", "name": "cobblemon:hasty_mint", "functions": [{ "function": "set_count", "count": 3 }] },
  { "type": "minecraft:item", "name": "cobblemon:impish_mint", "functions": [{ "function": "set_count", "count": 3 }] },
  { "type": "minecraft:item", "name": "cobblemon:jolly_mint", "functions": [{ "function": "set_count", "count": 3 }] },
  { "type": "minecraft:item", "name": "cobblemon:lax_mint", "functions": [{ "function": "set_count", "count": 3 }] },
  { "type": "minecraft:item", "name": "cobblemon:lonely_mint", "functions": [{ "function": "set_count", "count": 3 }] },
  { "type": "minecraft:item", "name": "cobblemon:mild_mint", "functions": [{ "function": "set_count", "count": 3 }] },
  { "type": "minecraft:item", "name": "cobblemon:modest_mint", "functions": [{ "function": "set_count", "count": 3 }] },
  { "type": "minecraft:item", "name": "cobblemon:naive_mint", "functions": [{ "function": "set_count", "count": 3 }] },
  { "type": "minecraft:item", "name": "cobblemon:naughty_mint", "functions": [{ "function": "set_count", "count": 3 }] },
  { "type": "minecraft:item", "name": "cobblemon:quiet_mint", "functions": [{ "function": "set_count", "count": 3 }] },
  { "type": "minecraft:item", "name": "cobblemon:rash_mint", "functions": [{ "function": "set_count", "count": 3 }] },
  { "type": "minecraft:item", "name": "cobblemon:relaxed_mint", "functions": [{ "function": "set_count", "count": 3 }] },
  { "type": "minecraft:item", "name": "cobblemon:sassy_mint", "functions": [{ "function": "set_count", "count": 3 }] },
  { "type": "minecraft:item", "name": "cobblemon:serious_mint", "functions": [{ "function": "set_count", "count": 3 }] },
  { "type": "minecraft:item", "name": "cobblemon:timid_mint", "functions": [{ "function": "set_count", "count": 3 }] },
  { "type": "minecraft:item", "name": "cobblemon:aguav_berry", "functions": [{ "function": "set_count", "count": 5 }] },
  { "type": "minecraft:item", "name": "cobblemon:apicot_berry", "functions": [{ "function": "set_count", "count": 5 }] },
  { "type": "minecraft:item", "name": "cobblemon:belue_berry", "functions": [{ "function": "set_count", "count": 5 }] },
  { "type": "minecraft:item", "name": "cobblemon:cornn_berry", "functions": [{ "function": "set_count", "count": 5 }] },
  { "type": "minecraft:item", "name": "cobblemon:custap_berry", "functions": [{ "function": "set_count", "count": 5 }] },
  { "type": "minecraft:item", "name": "cobblemon:durin_berry", "functions": [{ "function": "set_count", "count": 5 }] },
  { "type": "minecraft:item", "name": "cobblemon:enigma_berry", "functions": [{ "function": "set_count", "count": 5 }] },
  { "type": "minecraft:item", "name": "cobblemon:figy_berry", "functions": [{ "function": "set_count", "count": 5 }] },
  { "type": "minecraft:item", "name": "cobblemon:ganlon_berry", "functions": [{ "function": "set_count", "count": 5 }] },
  { "type": "minecraft:item", "name": "cobblemon:grepa_berry", "functions": [{ "function": "set_count", "count": 5 }] },
  { "type": "minecraft:item", "name": "cobblemon:hondew_berry", "functions": [{ "function": "set_count", "count": 5 }] },
  { "type": "minecraft:item", "name": "cobblemon:hopo_berry", "functions": [{ "function": "set_count", "count": 5 }] },
  { "type": "minecraft:item", "name": "cobblemon:iapapa_berry", "functions": [{ "function": "set_count", "count": 5 }] },
  { "type": "minecraft:item", "name": "cobblemon:jaboca_berry", "functions": [{ "function": "set_count", "count": 5 }] },
  { "type": "minecraft:item", "name": "cobblemon:kee_berry", "functions": [{ "function": "set_count", "count": 5 }] },
  { "type": "minecraft:item", "name": "cobblemon:kelpsy_berry", "functions": [{ "function": "set_count", "count": 5 }] },
  { "type": "minecraft:item", "name": "cobblemon:lansat_berry", "functions": [{ "function": "set_count", "count": 5 }] },
  { "type": "minecraft:item", "name": "cobblemon:leppa_berry", "functions": [{ "function": "set_count", "count": 5 }] },
  { "type": "minecraft:item", "name": "cobblemon:liechi_berry", "functions": [{ "function": "set_count", "count": 5 }] },
  { "type": "minecraft:item", "name": "cobblemon:lum_berry", "functions": [{ "function": "set_count", "count": 5 }] },
  { "type": "minecraft:item", "name": "cobblemon:mago_berry", "functions": [{ "function": "set_count", "count": 5 }] },
  { "type": "minecraft:item", "name": "cobblemon:magost_berry", "functions": [{ "function": "set_count", "count": 5 }] },
  { "type": "minecraft:item", "name": "cobblemon:maranga_berry", "functions": [{ "function": "set_count", "count": 5 }] },
  { "type": "minecraft:item", "name": "cobblemon:micle_berry", "functions": [{ "function": "set_count", "count": 5 }] },
  { "type": "minecraft:item", "name": "cobblemon:nomel_berry", "functions": [{ "function": "set_count", "count": 5 }] },
  { "type": "minecraft:item", "name": "cobblemon:pamtre_berry", "functions": [{ "function": "set_count", "count": 5 }] },
  { "type": "minecraft:item", "name": "cobblemon:petaya_berry", "functions": [{ "function": "set_count", "count": 5 }] },
  { "type": "minecraft:item", "name": "cobblemon:pomeg_berry", "functions": [{ "function": "set_count", "count": 5 }] },
  { "type": "minecraft:item", "name": "cobblemon:qualot_berry", "functions": [{ "function": "set_count", "count": 5 }] },
  { "type": "minecraft:item", "name": "cobblemon:rabuta_berry", "functions": [{ "function": "set_count", "count": 5 }] },
  { "type": "minecraft:item", "name": "cobblemon:rowap_berry", "functions": [{ "function": "set_count", "count": 5 }] },
  { "type": "minecraft:item", "name": "cobblemon:salac_berry", "functions": [{ "function": "set_count", "count": 5 }] },
  { "type": "minecraft:item", "name": "cobblemon:sitrus_berry", "functions": [{ "function": "set_count", "count": 5 }] },
  { "type": "minecraft:item", "name": "cobblemon:spelon_berry", "functions": [{ "function": "set_count", "count": 5 }] },
  { "type": "minecraft:item", "name": "cobblemon:starf_berry", "functions": [{ "function": "set_count", "count": 5 }] },
  { "type": "minecraft:item", "name": "cobblemon:tamato_berry", "functions": [{ "function": "set_count", "count": 5 }] },
  { "type": "minecraft:item", "name": "cobblemon:touga_berry", "functions": [{ "function": "set_count", "count": 5 }] },
  { "type": "minecraft:item", "name": "cobblemon:watmel_berry", "functions": [{ "function": "set_count", "count": 5 }] },
  { "type": "minecraft:item", "name": "cobblemon:wiki_berry", "functions": [{ "function": "set_count", "count": 5 }] },
  { "type": "minecraft:item", "name": "cobblemon:big_root", "functions": [{ "function": "set_count", "count": 3 }] },
  { "type": "minecraft:item", "name": "cobblemon:energy_root", "functions": [{ "function": "set_count", "count": 3 }] },
  { "type": "minecraft:item", "name": "cobblemon:medicinal_leek", "functions": [{ "function": "set_count", "count": 3 }] },
  { "type": "minecraft:item", "name": "cobblemon:pep_up_flower", "functions": [{ "function": "set_count", "count": 3 }] },
  { "type": "minecraft:item", "name": "cobblemon:vivichoke", "functions": [{ "function": "set_count", "count": 3 }] },
  { "type": "minecraft:item", "name": "cobblemon:vivichoke_seeds", "functions": [{ "function": "set_count", "count": 6 }] },
  { "type": "minecraft:item", "name": "cobblemon:potion", "functions": [{ "function": "set_count", "count": 8 }] },
  { "type": "minecraft:item", "name": "cobblemon:super_potion", "functions": [{ "function": "set_count", "count": 3 }] },
  { "type": "minecraft:item", "name": "cobblemon:ancient_great_rod", "functions": [{ "function": "set_count", "count": 2 }] },
  { "type": "minecraft:item", "name": "cobblemon:ancient_leaden_rod", "functions": [{ "function": "set_count", "count": 2 }] },
  { "type": "minecraft:item", "name": "cobblemon:ancient_wing_rod", "functions": [{ "function": "set_count", "count": 2 }] },
  { "type": "minecraft:item", "name": "cobblemon:dive_rod", "functions": [{ "function": "set_count", "count": 2 }] },
  { "type": "minecraft:item", "name": "cobblemon:fast_rod", "functions": [{ "function": "set_count", "count": 2 }] },
  { "type": "minecraft:item", "name": "cobblemon:friend_rod", "functions": [{ "function": "set_count", "count": 2 }] },
  { "type": "minecraft:item", "name": "cobblemon:great_rod", "functions": [{ "function": "set_count", "count": 2 }] },
  { "type": "minecraft:item", "name": "cobblemon:heavy_rod", "functions": [{ "function": "set_count", "count": 2 }] },
  { "type": "minecraft:item", "name": "cobblemon:level_rod", "functions": [{ "function": "set_count", "count": 2 }] },
  { "type": "minecraft:item", "name": "cobblemon:lure_rod", "functions": [{ "function": "set_count", "count": 2 }] },
  { "type": "minecraft:item", "name": "cobblemon:moon_rod", "functions": [{ "function": "set_count", "count": 2 }] },
  { "type": "minecraft:item", "name": "cobblemon:nest_rod", "functions": [{ "function": "set_count", "count": 2 }] },
  { "type": "minecraft:item", "name": "cobblemon:net_rod", "functions": [{ "function": "set_count", "count": 2 }] },
  { "type": "minecraft:item", "name": "cobblemon:park_rod", "functions": [{ "function": "set_count", "count": 2 }] },
  { "type": "minecraft:item", "name": "cobblemon:sport_rod", "functions": [{ "function": "set_count", "count": 2 }] },
  { "type": "minecraft:item", "name": "cobblemon:fine_remedy", "functions": [{ "function": "set_count", "count": 3 }] },
  { "type": "minecraft:item", "name": "cobblemon:heal_powder", "functions": [{ "function": "set_count", "count": 8 }] },
  { "type": "minecraft:item", "name": "cobblemon:remedy", "functions": [{ "function": "set_count", "count": 8 }] },
  { "type": "minecraft:item", "name": "cobblemon:antidote", "functions": [{ "function": "set_count", "count": 8 }] },
  { "type": "minecraft:item", "name": "cobblemon:awakening", "functions": [{ "function": "set_count", "count": 8 }] },
  { "type": "minecraft:item", "name": "cobblemon:burn_heal", "functions": [{ "function": "set_count", "count": 8 }] },
  { "type": "minecraft:item", "name": "cobblemon:full_heal", "functions": [{ "function": "set_count", "count": 8 }] },
  { "type": "minecraft:item", "name": "cobblemon:full_restore", "functions": [{ "function": "set_count", "count": 8 }] },
  { "type": "minecraft:item", "name": "cobblemon:ice_heal", "functions": [{ "function": "set_count", "count": 8 }] },
  { "type": "minecraft:item", "name": "cobblemon:paralyze_heal", "functions": [{ "function": "set_count", "count": 8 }] },
  { "type": "minecraft:item", "name": "cobblemon:revive", "functions": [{ "function": "set_count", "count": 3 }] },
  { "type": "minecraft:item", "name": "cobblemon:cracked_pot", "functions": [{ "function": "set_count", "count": 3 }] },
  { "type": "minecraft:item", "name": "cobblemon:unremarkable_teacup", "functions": [{ "function": "set_count", "count": 3 }] },
  { "type": "minecraft:item", "name": "cobblemon:power_anklet", "functions": [{ "function": "set_count", "count": 2 }] },
  { "type": "minecraft:item", "name": "cobblemon:power_band", "functions": [{ "function": "set_count", "count": 2 }] },
  { "type": "minecraft:item", "name": "cobblemon:power_belt", "functions": [{ "function": "set_count", "count": 2 }] },
  { "type": "minecraft:item", "name": "cobblemon:power_bracer", "functions": [{ "function": "set_count", "count": 2 }] },
  { "type": "minecraft:item", "name": "cobblemon:power_herb", "functions": [{ "function": "set_count", "count": 2 }] },
  { "type": "minecraft:item", "name": "cobblemon:power_lens", "functions": [{ "function": "set_count", "count": 2 }] },
  { "type": "minecraft:item", "name": "cobblemon:power_weight", "functions": [{ "function": "set_count", "count": 2 }] }
  

      ]
    }
  ],
  "random_sequences": "gachamachine:gacha_capsules"
}
