{
  "type": "gachamachine:capsule",
  "pools": [
    {
      "rolls": 1,
      "entries": [
        { "type": "minecraft:item", "name": "cobblemon:ability_capsule", "functions": [{ "function": "set_count", "count": 10 }] },
  { "type": "minecraft:item", "name": "cobblemon:ability_patch", "functions": [{ "function": "set_count", "count": 10 }] },
  { "type": "minecraft:item", "name": "cobblemon:beast_ball", "functions": [{ "function": "set_count", "count": 5 }] },
  { "type": "minecraft:item", "name": "cobblemon:dream_ball", "functions": [{ "function": "set_count", "count": 5 }] },
  { "type": "minecraft:item", "name": "cobblemon:master_ball", "functions": [{ "function": "set_count", "count": 3 }] },
  { "type": "minecraft:item", "name": "cobblemon:max_elixir", "functions": [{ "function": "set_count", "count": 10 }] },
  { "type": "minecraft:item", "name": "cobblemon:max_ether", "functions": [{ "function": "set_count", "count": 10 }] },
  { "type": "minecraft:item", "name": "cobblemon:dawn_stone_block", "functions": [{ "function": "set_count", "count": 3 }] },
  { "type": "minecraft:item", "name": "cobblemon:dusk_stone_block", "functions": [{ "function": "set_count", "count": 3 }] },
  { "type": "minecraft:item", "name": "cobblemon:fire_stone_block", "functions": [{ "function": "set_count", "count": 3 }] },
  { "type": "minecraft:item", "name": "cobblemon:ice_stone_block", "functions": [{ "function": "set_count", "count": 3 }] },
  { "type": "minecraft:item", "name": "cobblemon:leaf_stone_block", "functions": [{ "function": "set_count", "count": 3 }] },
  { "type": "minecraft:item", "name": "cobblemon:moon_stone_block", "functions": [{ "function": "set_count", "count": 3 }] },
  { "type": "minecraft:item", "name": "cobblemon:shiny_stone_block", "functions": [{ "function": "set_count", "count": 3 }] },
  { "type": "minecraft:item", "name": "cobblemon:sun_stone_block", "functions": [{ "function": "set_count", "count": 3 }] },
  { "type": "minecraft:item", "name": "cobblemon:thunder_stone_block", "functions": [{ "function": "set_count", "count": 3 }] },
  { "type": "minecraft:item", "name": "cobblemon:water_stone_block", "functions": [{ "function": "set_count", "count": 3 }] },
  { "type": "minecraft:item", "name": "cobblemon:exp_candy_xl", "functions": [{ "function": "set_count", "count": 30 }] },
  { "type": "minecraft:item", "name": "cobblemon:rare_candy", "functions": [{ "function": "set_count", "count": 15 }] },
  { "type": "minecraft:item", "name": "cobblemon:healing_machine", "functions": [{ "function": "set_count", "count": 5 }] },
  { "type": "minecraft:item", "name": "cobblemon:fossil_analyzer", "functions": [{ "function": "set_count", "count": 5 }] },
  { "type": "minecraft:item", "name": "cobblemon:monitor", "functions": [{ "function": "set_count", "count": 5 }] },
  { "type": "minecraft:item", "name": "cobblemon:pasture", "functions": [{ "function": "set_count", "count": 5 }] },
  { "type": "minecraft:item", "name": "cobblemon:pc", "functions": [{ "function": "set_count", "count": 5 }] },
  { "type": "minecraft:item", "name": "cobblemon:restoration_tank", "functions": [{ "function": "set_count", "count": 5 }] },
  { "type": "minecraft:item", "name": "cobblemon:black_gilded_chest", "functions": [{ "function": "set_count", "count": 5 }] },
  { "type": "minecraft:item", "name": "cobblemon:blue_gilded_chest", "functions": [{ "function": "set_count", "count": 5 }] },
  { "type": "minecraft:item", "name": "cobblemon:gilded_chest", "functions": [{ "function": "set_count", "count": 5 }] },
  { "type": "minecraft:item", "name": "cobblemon:green_gilded_chest", "functions": [{ "function": "set_count", "count": 5 }] },
  { "type": "minecraft:item", "name": "cobblemon:pink_gilded_chest", "functions": [{ "function": "set_count", "count": 5 }] },
  { "type": "minecraft:item", "name": "cobblemon:white_gilded_chest", "functions": [{ "function": "set_count", "count": 5 }] },
  { "type": "minecraft:item", "name": "cobblemon:yellow_gilded_chest", "functions": [{ "function": "set_count", "count": 5 }] },
  { "type": "minecraft:item", "name": "cobblemon:full_restore", "functions": [{ "function": "set_count", "count": 8 }] },
  { "type": "minecraft:item", "name": "cobblemon:max_potion", "functions": [{ "function": "set_count", "count": 15 }] },
  { "type": "minecraft:item", "name": "cobblemon:master_rod", "functions": [{ "function": "set_count", "count": 2 }] },
  { "type": "minecraft:item", "name": "cobblemon:beast_rod", "functions": [{ "function": "set_count", "count": 2 }] },
  { "type": "minecraft:item", "name": "cobblemon:dream_rod", "functions": [{ "function": "set_count", "count": 2 }] },
  { "type": "minecraft:item", "name": "cobblemon:superb_remedy", "functions": [{ "function": "set_count", "count": 8 }] },
  { "type": "minecraft:item", "name": "cobblemon:max_revive", "functions": [{ "function": "set_count", "count": 8 }] },
  { "type": "minecraft:item", "name": "cobblemon:calcium", "functions": [{ "function": "set_count", "count": 15 }] },
  { "type": "minecraft:item", "name": "cobblemon:carbos", "functions": [{ "function": "set_count", "count": 15 }] },
  { "type": "minecraft:item", "name": "cobblemon:hp_up", "functions": [{ "function": "set_count", "count": 15 }] },
  { "type": "minecraft:item", "name": "cobblemon:iron", "functions": [{ "function": "set_count", "count": 15 }] },
  { "type": "minecraft:item", "name": "cobblemon:pp_max", "functions": [{ "function": "set_count", "count": 15 }] },
  { "type": "minecraft:item", "name": "cobblemon:pp_up", "functions": [{ "function": "set_count", "count": 15 }] },
  { "type": "minecraft:item", "name": "cobblemon:protein", "functions": [{ "function": "set_count", "count": 15 }] },
  { "type": "minecraft:item", "name": "cobblemon:zinc", "functions": [{ "function": "set_count", "count": 15 }] },
  { "type": "minecraft:item", "name": "cobblemon:exp_share", "functions": [{ "function": "set_count", "count": 6 }] },
  { "type": "minecraft:item", "name": "cobblemon:lucky_egg", "functions": [{ "function": "set_count", "count": 6 }] },
  { "type": "minecraft:item", "name": "cobblemon:relic_coin", "functions": [{ "function": "set_count", "count": 150 }] }


      ]
    }
  ],
    "random_sequences": "gachamachine:gacha_capsules"
}
