{
  "type": "gachamachine:capsule",
  "pools": [
    {
      "rolls": 1,
      "entries": [
        { "type": "minecraft:item", "name": "cobblemon:ability_capsule", "functions": [{ "function": "set_count", "count": 3 }] },
  { "type": "minecraft:item", "name": "cobblemon:ability_patch", "functions": [{ "function": "set_count", "count": 3 }] },
  { "type": "minecraft:item", "name": "cobblemon:sweet_apple", "functions": [{ "function": "set_count", "count": 3 }] },
  { "type": "minecraft:item", "name": "cobblemon:tart_apple", "functions": [{ "function": "set_count", "count": 3 }] },
  { "type": "minecraft:item", "name": "cobblemon:ancient_gigaton_ball", "functions": [{ "function": "set_count", "count": 5 }] },
  { "type": "minecraft:item", "name": "cobblemon:ancient_jet_ball", "functions": [{ "function": "set_count", "count": 5 }] },
  { "type": "minecraft:item", "name": "cobblemon:ancient_ultra_ball", "functions": [{ "function": "set_count", "count": 5 }] },
  { "type": "minecraft:item", "name": "cobblemon:dusk_ball", "functions": [{ "function": "set_count", "count": 5 }] },
  { "type": "minecraft:item", "name": "cobblemon:love_ball", "functions": [{ "function": "set_count", "count": 5 }] },
  { "type": "minecraft:item", "name": "cobblemon:luxury_ball", "functions": [{ "function": "set_count", "count": 5 }] },
  { "type": "minecraft:item", "name": "cobblemon:quick_ball", "functions": [{ "function": "set_count", "count": 5 }] },
  { "type": "minecraft:item", "name": "cobblemon:repeat_ball", "functions": [{ "function": "set_count", "count": 5 }] },
  { "type": "minecraft:item", "name": "cobblemon:timer_ball", "functions": [{ "function": "set_count", "count": 5 }] },
  { "type": "minecraft:item", "name": "cobblemon:ultra_ball", "functions": [{ "function": "set_count", "count": 5 }] },
  { "type": "minecraft:item", "name": "cobblemon:dire_hit", "functions": [{ "function": "set_count", "count": 6 }] },
  { "type": "minecraft:item", "name": "cobblemon:guard_spec", "functions": [{ "function": "set_count", "count": 6 }] },
  { "type": "minecraft:item", "name": "cobblemon:x_accuracy", "functions": [{ "function": "set_count", "count": 6 }] },
  { "type": "minecraft:item", "name": "cobblemon:x_attack", "functions": [{ "function": "set_count", "count": 6 }] },
  { "type": "minecraft:item", "name": "cobblemon:x_defence", "functions": [{ "function": "set_count", "count": 6 }] },
  { "type": "minecraft:item", "name": "cobblemon:x_special_attack", "functions": [{ "function": "set_count", "count": 6 }] },
  { "type": "minecraft:item", "name": "cobblemon:x_special_defence", "functions": [{ "function": "set_count", "count": 6 }] },
  { "type": "minecraft:item", "name": "cobblemon:x_speed", "functions": [{ "function": "set_count", "count": 6 }] },
  { "type": "minecraft:item", "name": "cobblemon:bygone_sherd", "functions": [{ "function": "set_count", "count": 10 }] },
  { "type": "minecraft:item", "name": "cobblemon:capture_sherd", "functions": [{ "function": "set_count", "count": 10 }] },
  { "type": "minecraft:item", "name": "cobblemon:dome_sherd", "functions": [{ "function": "set_count", "count": 10 }] },
  { "type": "minecraft:item", "name": "cobblemon:helix_sherd", "functions": [{ "function": "set_count", "count": 10 }] },
  { "type": "minecraft:item", "name": "cobblemon:nostalgic_sherd", "functions": [{ "function": "set_count", "count": 10 }] },
  { "type": "minecraft:item", "name": "cobblemon:suspicious_sherd", "functions": [{ "function": "set_count", "count": 10 }] },
  { "type": "minecraft:item", "name": "cobblemon:elixir", "functions": [{ "function": "set_count", "count": 6 }] },
  { "type": "minecraft:item", "name": "cobblemon:ether", "functions": [{ "function": "set_count", "count": 6 }] },
  { "type": "minecraft:item", "name": "cobblemon:max_elixir", "functions": [{ "function": "set_count", "count": 3 }] },
  { "type": "minecraft:item", "name": "cobblemon:max_ether", "functions": [{ "function": "set_count", "count": 3 }] },
  { "type": "minecraft:item", "name": "cobblemon:dawn_stone", "functions": [{ "function": "set_count", "count": 10 }] },
  { "type": "minecraft:item", "name": "cobblemon:dusk_stone", "functions": [{ "function": "set_count", "count": 10 }] },
  { "type": "minecraft:item", "name": "cobblemon:fire_stone", "functions": [{ "function": "set_count", "count": 10 }] },
  { "type": "minecraft:item", "name": "cobblemon:ice_stone", "functions": [{ "function": "set_count", "count": 10 }] },
  { "type": "minecraft:item", "name": "cobblemon:leaf_stone", "functions": [{ "function": "set_count", "count": 10 }] },
  { "type": "minecraft:item", "name": "cobblemon:moon_stone", "functions": [{ "function": "set_count", "count": 10 }] },
  { "type": "minecraft:item", "name": "cobblemon:shiny_stone", "functions": [{ "function": "set_count", "count": 10 }] },
  { "type": "minecraft:item", "name": "cobblemon:sun_stone", "functions": [{ "function": "set_count", "count": 10 }] },
  { "type": "minecraft:item", "name": "cobblemon:thunder_stone", "functions": [{ "function": "set_count", "count": 10 }] },
  { "type": "minecraft:item", "name": "cobblemon:water_stone", "functions": [{ "function": "set_count", "count": 10 }] },
  { "type": "minecraft:item", "name": "cobblemon:auspicious_armor", "functions": [{ "function": "set_count", "count": 5 }] },
  { "type": "minecraft:item", "name": "cobblemon:black_augurite", "functions": [{ "function": "set_count", "count": 5 }] },
  { "type": "minecraft:item", "name": "cobblemon:dragon_scale", "functions": [{ "function": "set_count", "count": 5 }] },
  { "type": "minecraft:item", "name": "cobblemon:dubious_disc", "functions": [{ "function": "set_count", "count": 5 }] },
  { "type": "minecraft:item", "name": "cobblemon:electirizer", "functions": [{ "function": "set_count", "count": 5 }] },
  { "type": "minecraft:item", "name": "cobblemon:galarica_cuff", "functions": [{ "function": "set_count", "count": 5 }] },
  { "type": "minecraft:item", "name": "cobblemon:galarica_wreath", "functions": [{ "function": "set_count", "count": 5 }] },
  { "type": "minecraft:item", "name": "cobblemon:kings_rock", "functions": [{ "function": "set_count", "count": 5 }] },
  { "type": "minecraft:item", "name": "cobblemon:link_cable", "functions": [{ "function": "set_count", "count": 5 }] },
  { "type": "minecraft:item", "name": "cobblemon:magmarizer", "functions": [{ "function": "set_count", "count": 5 }] },
  { "type": "minecraft:item", "name": "cobblemon:malicious_armor", "functions": [{ "function": "set_count", "count": 5 }] },
  { "type": "minecraft:item", "name": "cobblemon:metal_coat", "functions": [{ "function": "set_count", "count": 5 }] },
  { "type": "minecraft:item", "name": "cobblemon:oval_stone", "functions": [{ "function": "set_count", "count": 5 }] },
  { "type": "minecraft:item", "name": "cobblemon:peat_block", "functions": [{ "function": "set_count", "count": 5 }] },
  { "type": "minecraft:item", "name": "cobblemon:prism_scale", "functions": [{ "function": "set_count", "count": 5 }] },
  { "type": "minecraft:item", "name": "cobblemon:protector", "functions": [{ "function": "set_count", "count": 5 }] },
  { "type": "minecraft:item", "name": "cobblemon:reaper_cloth", "functions": [{ "function": "set_count", "count": 5 }] },
  { "type": "minecraft:item", "name": "cobblemon:sachet", "functions": [{ "function": "set_count", "count": 5 }] },
  { "type": "minecraft:item", "name": "cobblemon:shell_helmet", "functions": [{ "function": "set_count", "count": 5 }] },
  { "type": "minecraft:item", "name": "cobblemon:upgrade", "functions": [{ "function": "set_count", "count": 5 }] },
  { "type": "minecraft:item", "name": "cobblemon:whipped_dream", "functions": [{ "function": "set_count", "count": 5 }] },
  { "type": "minecraft:item", "name": "cobblemon:exp_candy_l", "functions": [{ "function": "set_count", "count": 20 }] },
  { "type": "minecraft:item", "name": "cobblemon:exp_candy_xl", "functions": [{ "function": "set_count", "count": 10 }] },
  { "type": "minecraft:item", "name": "cobblemon:armor_fossil", "functions": [{ "function": "set_count", "count": 3 }] },
  { "type": "minecraft:item", "name": "cobblemon:claw_fossil", "functions": [{ "function": "set_count", "count": 3 }] },
  { "type": "minecraft:item", "name": "cobblemon:cover_fossil", "functions": [{ "function": "set_count", "count": 3 }] },
  { "type": "minecraft:item", "name": "cobblemon:dome_fossil", "functions": [{ "function": "set_count", "count": 3 }] },
  { "type": "minecraft:item", "name": "cobblemon:fossilized_bird", "functions": [{ "function": "set_count", "count": 3 }] },
  { "type": "minecraft:item", "name": "cobblemon:fossilized_dino", "functions": [{ "function": "set_count", "count": 3 }] },
  { "type": "minecraft:item", "name": "cobblemon:fossilized_drake", "functions": [{ "function": "set_count", "count": 3 }] },
  { "type": "minecraft:item", "name": "cobblemon:fossilized_fish", "functions": [{ "function": "set_count", "count": 3 }] },
  { "type": "minecraft:item", "name": "cobblemon:helix_fossil", "functions": [{ "function": "set_count", "count": 3 }] },
  { "type": "minecraft:item", "name": "cobblemon:jaw_fossil", "functions": [{ "function": "set_count", "count": 3 }] },
  { "type": "minecraft:item", "name": "cobblemon:old_amber_fossil", "functions": [{ "function": "set_count", "count": 3 }] },
  { "type": "minecraft:item", "name": "cobblemon:plume_fossil", "functions": [{ "function": "set_count", "count": 3 }] },
  { "type": "minecraft:item", "name": "cobblemon:root_fossil", "functions": [{ "function": "set_count", "count": 3 }] },
  { "type": "minecraft:item", "name": "cobblemon:sail_fossil", "functions": [{ "function": "set_count", "count": 3 }] },
  { "type": "minecraft:item", "name": "cobblemon:skull_fossil", "functions": [{ "function": "set_count", "count": 3 }] },
  { "type": "minecraft:item", "name": "cobblemon:healing_machine", "functions": [{ "function": "set_count", "count": 1 }] },
  { "type": "minecraft:item", "name": "cobblemon:fossil_analyzer", "functions": [{ "function": "set_count", "count": 1 }] },
  { "type": "minecraft:item", "name": "cobblemon:monitor", "functions": [{ "function": "set_count", "count": 1 }] },
  { "type": "minecraft:item", "name": "cobblemon:pasture", "functions": [{ "function": "set_count", "count": 1 }] },
  { "type": "minecraft:item", "name": "cobblemon:pc", "functions": [{ "function": "set_count", "count": 1 }] },
  { "type": "minecraft:item", "name": "cobblemon:restoration_tank", "functions": [{ "function": "set_count", "count": 1 }] },
  { "type": "minecraft:item", "name": "cobblemon:black_gilded_chest", "functions": [{ "function": "set_count", "count": 2 }] },
  { "type": "minecraft:item", "name": "cobblemon:blue_gilded_chest", "functions": [{ "function": "set_count", "count": 2 }] },
  { "type": "minecraft:item", "name": "cobblemon:gilded_chest", "functions": [{ "function": "set_count", "count": 2 }] },
  { "type": "minecraft:item", "name": "cobblemon:green_gilded_chest", "functions": [{ "function": "set_count", "count": 2 }] },
  { "type": "minecraft:item", "name": "cobblemon:pink_gilded_chest", "functions": [{ "function": "set_count", "count": 2 }] },
  { "type": "minecraft:item", "name": "cobblemon:white_gilded_chest", "functions": [{ "function": "set_count", "count": 2 }] },
  { "type": "minecraft:item", "name": "cobblemon:yellow_gilded_chest", "functions": [{ "function": "set_count", "count": 2 }] },
  { "type": "minecraft:item", "name": "cobblemon:revival_herb", "functions": [{ "function": "set_count", "count": 6 }] },
  { "type": "minecraft:item", "name": "cobblemon:mental_herb", "functions": [{ "function": "set_count", "count": 6 }] },
  { "type": "minecraft:item", "name": "cobblemon:mirror_herb", "functions": [{ "function": "set_count", "count": 6 }] },
  { "type": "minecraft:item", "name": "cobblemon:power_herb", "functions": [{ "function": "set_count", "count": 6 }] },
  { "type": "minecraft:item", "name": "cobblemon:white_herb", "functions": [{ "function": "set_count", "count": 6 }] },
  { "type": "minecraft:item", "name": "cobblemon:adamant_mint", "functions": [{ "function": "set_count", "count": 6 }] },
  { "type": "minecraft:item", "name": "cobblemon:bold_mint", "functions": [{ "function": "set_count", "count": 6 }] },
  { "type": "minecraft:item", "name": "cobblemon:brave_mint", "functions": [{ "function": "set_count", "count": 6 }] },
  { "type": "minecraft:item", "name": "cobblemon:calm_mint", "functions": [{ "function": "set_count", "count": 6 }] },
  { "type": "minecraft:item", "name": "cobblemon:careful_mint", "functions": [{ "function": "set_count", "count": 6 }] },
  { "type": "minecraft:item", "name": "cobblemon:gentle_mint", "functions": [{ "function": "set_count", "count": 6 }] },
  { "type": "minecraft:item", "name": "cobblemon:hasty_mint", "functions": [{ "function": "set_count", "count": 6 }] },
  { "type": "minecraft:item", "name": "cobblemon:impish_mint", "functions": [{ "function": "set_count", "count": 6 }] },
  { "type": "minecraft:item", "name": "cobblemon:jolly_mint", "functions": [{ "function": "set_count", "count": 6 }] },
  { "type": "minecraft:item", "name": "cobblemon:lax_mint", "functions": [{ "function": "set_count", "count": 6 }] },
  { "type": "minecraft:item", "name": "cobblemon:lonely_mint", "functions": [{ "function": "set_count", "count": 6 }] },
  { "type": "minecraft:item", "name": "cobblemon:mild_mint", "functions": [{ "function": "set_count", "count": 6 }] },
  { "type": "minecraft:item", "name": "cobblemon:modest_mint", "functions": [{ "function": "set_count", "count": 6 }] },
  { "type": "minecraft:item", "name": "cobblemon:naive_mint", "functions": [{ "function": "set_count", "count": 6 }] },
  { "type": "minecraft:item", "name": "cobblemon:naughty_mint", "functions": [{ "function": "set_count", "count": 6 }] },
  { "type": "minecraft:item", "name": "cobblemon:quiet_mint", "functions": [{ "function": "set_count", "count": 6 }] },
  { "type": "minecraft:item", "name": "cobblemon:rash_mint", "functions": [{ "function": "set_count", "count": 6 }] },
  { "type": "minecraft:item", "name": "cobblemon:relaxed_mint", "functions": [{ "function": "set_count", "count": 6 }] },
  { "type": "minecraft:item", "name": "cobblemon:sassy_mint", "functions": [{ "function": "set_count", "count": 6 }] },
  { "type": "minecraft:item", "name": "cobblemon:serious_mint", "functions": [{ "function": "set_count", "count": 6 }] },
  { "type": "minecraft:item", "name": "cobblemon:timid_mint", "functions": [{ "function": "set_count", "count": 6 }] },
  { "type": "minecraft:item", "name": "cobblemon:big_root", "functions": [{ "function": "set_count", "count": 6 }] },
  { "type": "minecraft:item", "name": "cobblemon:energy_root", "functions": [{ "function": "set_count", "count": 6 }] },
  { "type": "minecraft:item", "name": "cobblemon:medicinal_leek", "functions": [{ "function": "set_count", "count": 6 }] },
  { "type": "minecraft:item", "name": "cobblemon:pep_up_flower", "functions": [{ "function": "set_count", "count": 6 }] },
  { "type": "minecraft:item", "name": "cobblemon:vivichoke", "functions": [{ "function": "set_count", "count": 6 }] },
  { "type": "minecraft:item", "name": "cobblemon:pokedex_black", "functions": [{ "function": "set_count", "count": 2 }] },
  { "type": "minecraft:item", "name": "cobblemon:pokedex_blue", "functions": [{ "function": "set_count", "count": 2 }] },
  { "type": "minecraft:item", "name": "cobblemon:pokedex_green", "functions": [{ "function": "set_count", "count": 2 }] },
  { "type": "minecraft:item", "name": "cobblemon:pokedex_pink", "functions": [{ "function": "set_count", "count": 2 }] },
  { "type": "minecraft:item", "name": "cobblemon:pokedex_red", "functions": [{ "function": "set_count", "count": 2 }] },
  { "type": "minecraft:item", "name": "cobblemon:pokedex_white", "functions": [{ "function": "set_count", "count": 2 }] },
  { "type": "minecraft:item", "name": "cobblemon:pokedex_yellow", "functions": [{ "function": "set_count", "count": 2 }] },
  { "type": "minecraft:item", "name": "cobblemon:super_potion", "functions": [{ "function": "set_count", "count": 10 }] },
  { "type": "minecraft:item", "name": "cobblemon:hyper_potion", "functions": [{ "function": "set_count", "count": 5 }] },
  { "type": "minecraft:item", "name": "cobblemon:ancient_gigaton_rod", "functions": [{ "function": "set_count", "count": 2 }] },
  { "type": "minecraft:item", "name": "cobblemon:ancient_great_rod", "functions": [{ "function": "set_count", "count": 2 }] },
  { "type": "minecraft:item", "name": "cobblemon:ancient_ultra_rod", "functions": [{ "function": "set_count", "count": 2 }] },
  { "type": "minecraft:item", "name": "cobblemon:dusk_rod", "functions": [{ "function": "set_count", "count": 2 }] },
  { "type": "minecraft:item", "name": "cobblemon:love_rod", "functions": [{ "function": "set_count", "count": 2 }] },
  { "type": "minecraft:item", "name": "cobblemon:luxury_rod", "functions": [{ "function": "set_count", "count": 2 }] },
  { "type": "minecraft:item", "name": "cobblemon:quick_rod", "functions": [{ "function": "set_count", "count": 2 }] },
  { "type": "minecraft:item", "name": "cobblemon:repeat_rod", "functions": [{ "function": "set_count", "count": 2 }] },
  { "type": "minecraft:item", "name": "cobblemon:timer_rod", "functions": [{ "function": "set_count", "count": 2 }] },
  { "type": "minecraft:item", "name": "cobblemon:ultra_rod", "functions": [{ "function": "set_count", "count": 2 }] },
  { "type": "minecraft:item", "name": "cobblemon:superb_remedy", "functions": [{ "function": "set_count", "count": 3 }] },
  { "type": "minecraft:item", "name": "cobblemon:fine_remedy", "functions": [{ "function": "set_count", "count": 8 }] },
  { "type": "minecraft:item", "name": "cobblemon:max_revive", "functions": [{ "function": "set_count", "count": 3 }] },
  { "type": "minecraft:item", "name": "cobblemon:revive", "functions": [{ "function": "set_count", "count": 8 }] },
  { "type": "minecraft:item", "name": "cobblemon:masterpiece_teacup", "functions": [{ "function": "set_count", "count": 3 }] },
  { "type": "minecraft:item", "name": "cobblemon:chipped_pot", "functions": [{ "function": "set_count", "count": 3 }] },
  { "type": "minecraft:item", "name": "cobblemon:bug_gem", "functions": [{ "function": "set_count", "count": 3 }] },
  { "type": "minecraft:item", "name": "cobblemon:dark_gem", "functions": [{ "function": "set_count", "count": 3 }] },
  { "type": "minecraft:item", "name": "cobblemon:dragon_gem", "functions": [{ "function": "set_count", "count": 3 }] },
  { "type": "minecraft:item", "name": "cobblemon:electric_gem", "functions": [{ "function": "set_count", "count": 3 }] },
  { "type": "minecraft:item", "name": "cobblemon:fairy_gem", "functions": [{ "function": "set_count", "count": 3 }] },
  { "type": "minecraft:item", "name": "cobblemon:fighting_gem", "functions": [{ "function": "set_count", "count": 3 }] },
  { "type": "minecraft:item", "name": "cobblemon:fire_gem", "functions": [{ "function": "set_count", "count": 3 }] },
  { "type": "minecraft:item", "name": "cobblemon:flying_gem", "functions": [{ "function": "set_count", "count": 3 }] },
  { "type": "minecraft:item", "name": "cobblemon:ghost_gem", "functions": [{ "function": "set_count", "count": 3 }] },
  { "type": "minecraft:item", "name": "cobblemon:grass_gem", "functions": [{ "function": "set_count", "count": 3 }] },
  { "type": "minecraft:item", "name": "cobblemon:ground_gem", "functions": [{ "function": "set_count", "count": 3 }] },
  { "type": "minecraft:item", "name": "cobblemon:ice_gem", "functions": [{ "function": "set_count", "count": 3 }] },
  { "type": "minecraft:item", "name": "cobblemon:normal_gem", "functions": [{ "function": "set_count", "count": 3 }] },
  { "type": "minecraft:item", "name": "cobblemon:poison_gem", "functions": [{ "function": "set_count", "count": 3 }] },
  { "type": "minecraft:item", "name": "cobblemon:psychic_gem", "functions": [{ "function": "set_count", "count": 3 }] },
  { "type": "minecraft:item", "name": "cobblemon:rock_gem", "functions": [{ "function": "set_count", "count": 3 }] },
  { "type": "minecraft:item", "name": "cobblemon:steel_gem", "functions": [{ "function": "set_count", "count": 3 }] },
  { "type": "minecraft:item", "name": "cobblemon:water_gem", "functions": [{ "function": "set_count", "count": 3 }] },
  { "type": "minecraft:item", "name": "cobblemon:calcium", "functions": [{ "function": "set_count", "count": 8 }] },
  { "type": "minecraft:item", "name": "cobblemon:carbos", "functions": [{ "function": "set_count", "count": 8 }] },
  { "type": "minecraft:item", "name": "cobblemon:hp_up", "functions": [{ "function": "set_count", "count": 8 }] },
  { "type": "minecraft:item", "name": "cobblemon:iron", "functions": [{ "function": "set_count", "count": 8 }] },
  { "type": "minecraft:item", "name": "cobblemon:pp_max", "functions": [{ "function": "set_count", "count": 8 }] },
  { "type": "minecraft:item", "name": "cobblemon:pp_up", "functions": [{ "function": "set_count", "count": 8 }] },
  { "type": "minecraft:item", "name": "cobblemon:protein", "functions": [{ "function": "set_count", "count": 8 }] },
  { "type": "minecraft:item", "name": "cobblemon:zinc", "functions": [{ "function": "set_count", "count": 8 }] },
  { "type": "minecraft:item", "name": "cobblemon:destiny_knot", "functions": [{ "function": "set_count", "count": 2 }] },
  { "type": "minecraft:item", "name": "cobblemon:soothe_bell", "functions": [{ "function": "set_count", "count": 2 }] },
  { "type": "minecraft:item", "name": "cobblemon:exp_share", "functions": [{ "function": "set_count", "count": 2 }] },
  { "type": "minecraft:item", "name": "cobblemon:lucky_egg", "functions": [{ "function": "set_count", "count": 2 }] },
  { "type": "minecraft:item", "name": "cobblemon:relic_coin", "functions": [{ "function": "set_count", "count": 75 }] }


       
      ]
    }
  ],
  "random_sequences": "gachamachine:gacha_capsules"
}
