{
    "enabled": true,
    "neededInstalledMods": [],
    "neededUninstalledMods": [],
    "spawns": [
        {
            "id": "golisopodronin-1",
            "pokemon": "golisopodronin",
            "presets": [
                "natural",
                "wild"
            ],
            "type": "pokemon",
            "context": "grounded",
            "bucket": "rare",
            "level": "30-53",
            "weight": 1.6,
            "condition": {
                "minSkyLight": 8,
                "maxSkyLight": 15,
                "biomes": [
                    "#cobblemon:is_coast"
                ]
            }
        },
        {
            "id": "golisopodronin-2",
            "pokemon": "golisopodronin",
            "presets": [
                "natural",
                "wild"
            ],
            "type": "pokemon",
            "context": "grounded",
            "bucket": "rare",
            "level": "30-53",
            "weight": 1.6,
            "condition": {
                "minSkyLight": 8,
                "maxSkyLight": 15,
                "biomes": [
                    "#cobblemon:is_tropical_island"
                ],
                "neededNearbyBlocks": [
                    "#minecraft:water"
                ]
            }
        },
        {
            "id": "golisopodronin-3",
            "pokemon": "golisopodronin",
            "presets": [
                "natural"
            ],
            "type": "pokemon",
            "context": "grounded",
            "bucket": "rare",
            "level": "30-53",
            "weight": 0.96,
            "condition": {
                "minSkyLight": 0,
                "maxSkyLight": 7,
                "biomes": [
                    "#cobblemon:is_overworld"
                ],
                "neededNearbyBlocks": [
                    "#minecraft:water"
                ],
                "maxY": 0
            },
            "anticondition": {
                "biomes": [
                    "#cobblemon:is_deep_dark"
                ]
            }
        },
        {
            "id": "golisopodronin-4",
            "pokemon": "golisopodronin",
            "presets": [
                "water"
            ],
            "type": "pokemon",
            "context": "seafloor",
            "bucket": "rare",
            "level": "30-53",
            "weight": 0.96,
            "condition": {
                "minSkyLight": 0,
                "maxSkyLight": 7,
                "biomes": [
                    "#cobblemon:is_overworld"
                ],
                "maxY": 0
            },
            "anticondition": {
                "biomes": [
                    "#cobblemon:is_deep_dark"
                ]
            }
        },
        {
            "id": "golisopodronin-5",
            "pokemon": "golisopodronin",
            "type": "pokemon",
            "context": "fishing",
            "bucket": "rare",
            "level": "30-53",
            "weight": 1.6,
            "condition": {
                "canSeeSky": true,
                "biomes": [
                    "#cobblemon:is_coast",
                    "#cobblemon:is_tropical_island"
                ]
            },
            "anticondition": {
                "minLureLevel": 1
            }
        },
        {
            "id": "golisopodronin-6",
            "pokemon": "golisopodronin",
            "type": "pokemon",
            "context": "fishing",
            "bucket": "rare",
            "level": "30-53",
            "weight": 1.0,
            "weightMultiplier": {
                "multiplier": 0.6,
                "condition": {
                    "minLureLevel": 1,
                    "maxLureLevel": 2
                }
            },
            "condition": {
                "canSeeSky": true,
                "biomes": [
                    "#cobblemon:is_coast",
                    "#cobblemon:is_tropical_island"
                ],
                "minLureLevel": 1
            }
        },
        {
            "id": "golisopodronin-7",
            "pokemon": "golisopodronin",
            "type": "pokemon",
            "context": "fishing",
            "bucket": "rare",
            "level": "30-53",
            "weight": 1.0,
            "weightMultiplier": {
                "multiplier": 0.6,
                "condition": {
                    "minLureLevel": 0,
                    "maxLureLevel": 1
                }
            },
            "condition": {
                "minSkyLight": 0,
                "maxSkyLight": 7,
                "biomes": [
                    "#cobblemon:is_overworld"
                ]
            },
            "anticondition": {
                "biomes": [
                    "#cobblemon:is_deep_dark"
                ]
            }
        },
        {
            "id": "golisopodronin-8",
            "pokemon": "golisopodronin",
            "type": "pokemon",
            "context": "fishing",
            "bucket": "rare",
            "level": "30-53",
            "weight": 1.6,
            "condition": {
                "canSeeSky": false,
                "minSkyLight": 8,
                "maxSkyLight": 15,
                "biomes": [
                    "#cobblemon:is_coast",
                    "#cobblemon:is_tropical_island"
                ]
            },
            "anticondition": {
                "minLureLevel": 1
            }
        },
        {
            "id": "golisopodronin-9",
            "pokemon": "golisopodronin",
            "type": "pokemon",
            "context": "fishing",
            "bucket": "rare",
            "level": "30-53",
            "weight": 1.0,
            "weightMultiplier": {
                "multiplier": 0.6,
                "condition": {
                    "minLureLevel": 1,
                    "maxLureLevel": 2
                }
            },
            "condition": {
                "canSeeSky": false,
                "minSkyLight": 8,
                "maxSkyLight": 15,
                "biomes": [
                    "#cobblemon:is_coast",
                    "#cobblemon:is_tropical_island"
                ],
                "minLureLevel": 1
            }
        }
    ]
}