{
	"format_version": "1.12.0",
	"minecraft:geometry": [
		{
			"description": {
				"identifier": "geometry.pawleo_fetus",
				"texture_width": 64,
				"texture_height": 64,
				"visible_bounds_width": 2,
				"visible_bounds_height": 3.5,
				"visible_bounds_offset": [0, 1.25, 0]
			},
			"bones": [
				{
					"name": "tyrunt_fetus",
					"pivot": [0, 0, 0]
				},
				{
					"name": "body",
					"parent": "tyrunt_fetus",
					"pivot": [0, 8, 1],
					"cubes": [
						{"origin": [-2.5, 4, -1], "size": [5, 6, 6], "pivot": [0, 0, 0], "rotation": [4.95077, 0.66548, -0.1907], "uv": [0, 0]}
					]
				},
				{
					"name": "arm_right",
					"parent": "body",
					"pivot": [-2.5, 8.5, -1],
					"cubes": [
						{"origin": [-2.5, 8, -3], "size": [1, 1, 2], "uv": [34, 29]}
					]
				},
				{
					"name": "arm_left",
					"parent": "body",
					"pivot": [2.5, 8.5, -1],
					"cubes": [
						{"origin": [1.5, 8, -3], "size": [1, 1, 2], "uv": [34, 32]}
					]
				},
				{
					"name": "tail",
					"parent": "body",
					"pivot": [0, 4, 3],
					"cubes": [
						{"origin": [-1.5, 1, 0], "size": [3, 3, 3], "inflate": 0.5, "uv": [0, 28]}
					]
				},
				{
					"name": "tail2",
					"parent": "tail",
					"pivot": [0, 1, 2.5],
					"cubes": [
						{"origin": [-1, -1, 0.5], "size": [2, 2, 2], "inflate": 1.3, "uv": [8, 34]}
					]
				},
				{
					"name": "neck",
					"parent": "body",
					"pivot": [0, 10, 3.5],
					"cubes": [
						{"origin": [-2, 10, -1.8], "size": [4, 1, 5], "inflate": 1.3, "pivot": [0, 10.5, 0.2], "rotation": [15, 0, 0], "uv": [0, 47]}
					]
				},
				{
					"name": "head",
					"parent": "neck",
					"pivot": [0, 15, 3.5],
					"cubes": [
						{"origin": [-3, 13, -2.5], "size": [6, 4, 6], "uv": [0, 12]},
						{"origin": [-3, 13, -3.5], "size": [6, 3, 1], "uv": [12, 30]},
						{"origin": [-3, 11, 0.5], "size": [6, 2, 3], "uv": [22, 0]},
						{"origin": [-2, 12.5, -3.51], "size": [4, 1, 0], "uv": [24, 21]},
						{"origin": [-3.01, 12.5, -2.5], "size": [0, 1, 1], "uv": [22, 5]},
						{"origin": [3.01, 12.5, -2.5], "size": [0, 1, 1], "uv": [22, 7]},
						{"origin": [-2, 17, -0.5], "size": [0, 4, 2], "uv": [16, 34]},
						{"origin": [2, 17, -0.5], "size": [0, 4, 2], "uv": [20, 34]}
					]
				},
				{
					"name": "jaw",
					"parent": "head",
					"pivot": [0, 13, 0.5],
					"cubes": [
						{"origin": [-3, 11, -3], "size": [6, 2, 4], "inflate": -0.01, "uv": [0, 22]}
					]
				},
				{
					"name": "eyes",
					"parent": "head",
					"pivot": [0, 14.5, 0]
				},
				{
					"name": "eye_right",
					"parent": "eyes",
					"pivot": [-3, 14.5, 0],
					"cubes": [
						{"origin": [-3.5, 13, -1.5], "size": [1, 3, 3], "inflate": -0.01, "uv": [26, 30]}
					]
				},
				{
					"name": "eye_left",
					"parent": "eyes",
					"pivot": [3, 14.5, 0],
					"cubes": [
						{"origin": [2.5, 13, -1.5], "size": [1, 3, 3], "inflate": -0.01, "uv": [0, 34]}
					]
				},
				{
					"name": "feather_top",
					"parent": "neck",
					"pivot": [0.5, 15, 3.5],
					"cubes": [
						{"origin": [0, 13, 3.5], "size": [1, 0, 2], "uv": [12, 28]}
					]
				},
				{
					"name": "feather_left",
					"parent": "neck",
					"pivot": [2, 12.5, 3.5],
					"cubes": [
						{"origin": [2, 12, 3.5], "size": [0, 1, 2], "uv": [36, 12]}
					]
				},
				{
					"name": "feather_right",
					"parent": "neck",
					"pivot": [-2, 13.5, 3.5],
					"cubes": [
						{"origin": [-2, 11, 3.5], "size": [0, 1, 2], "uv": [36, 9]}
					]
				},
				{
					"name": "leg_right",
					"parent": "body",
					"pivot": [-2.5, 6, 2],
					"cubes": [
						{"origin": [-3.5, 4, 0], "size": [2, 4, 4], "uv": [24, 5]}
					]
				},
				{
					"name": "leg_right2",
					"parent": "leg_right",
					"pivot": [-2.5, 6, 3],
					"cubes": [
						{"origin": [-3, 3, 2], "size": [1, 3, 1], "uv": [34, 35]}
					]
				},
				{
					"name": "foot_right",
					"parent": "leg_right2",
					"pivot": [0, 3, 2],
					"cubes": [
						{"origin": [-3.5, 0, 2], "size": [2, 3, 1], "uv": [34, 21]}
					]
				},
				{
					"name": "leg_left",
					"parent": "body",
					"pivot": [2.5, 6, 2],
					"cubes": [
						{"origin": [1.5, 4, 0], "size": [2, 4, 4], "uv": [24, 13]}
					]
				},
				{
					"name": "leg_left2",
					"parent": "leg_left",
					"pivot": [2.5, 6, 3],
					"cubes": [
						{"origin": [2, 3, 2], "size": [1, 3, 1], "uv": [36, 5]}
					]
				},
				{
					"name": "foot_left",
					"parent": "leg_left2",
					"pivot": [0, 3, 2],
					"cubes": [
						{"origin": [1.5, 0, 2], "size": [2, 3, 1], "uv": [34, 25]}
					]
				}
			]
		}
	]
}