{
    "type": "minecraft:crafting_shapeless",
    "ingredients": [
     {
        "fabric:type": "fabric:components",
        "base": {
          "item":"minecraft:phantom_membrane"
        },
        "components": {
                "minecraft:custom_model_data": 11,
                "minecraft:item_name": "\"Bitter Tea Bag\""
              },
        "strict": false
      },
      {
        "fabric:type": "fabric:components",
        "base": {
          "item":"minecraft:potion"
        },
        "components": {
                "minecraft:potion_contents": {
          "potion": "minecraft:water"
        }
              }
      }
    ],
   "result": {
    "id": "minecraft:honey_bottle",
    "components": {
       "minecraft:custom_model_data": 2,
      "minecraft:item_name": "\"Bitter Tea\"",
      "minecraft:custom_data": {
        "effects": [
          {
            "id": "regeneration",
            "amplifier": 0
          },
          {
            "id": "saturation",
            "amplifier": 0
          },
          {
            "id": "nausea",
            "amplifier": 0
          }
        ],
        "clear_effects": [
          {
            "id": "mining_fatigue"
          },
          {
            "id": "weakness"
          },
          {
            "id": "slowness"
          }
        ]
      }
    }
  }


}