{
  "type": "minecraft:smoking",
  "category": "food",
  "cookingtime": 100,
  "experience": 0.35,
  "ingredient": 
    {
      "fabric:type": "fabric:components",
      "base":{
      "item": "minecraft:cooked_beef"
      },
    "components": {
                "minecraft:custom_model_data": 6,
                "minecraft:item_name": "\"Clauncher Claw\"",
                "minecraft:food": {
                  "nutrition": 1,
                  "saturation": 0.6,
                  "can_always_eat": true,
                  "eat_seconds": 1.61,
                  "effects": []
                }
              },
      
      
      "strict": false
    }
  ,
  "result": {
    "id": "minecraft:cooked_beef",
    "components": {
      "minecraft:custom_model_data": 7,
      "minecraft:item_name": "\"Cooked Clauncher Claw\"",
      "minecraft:food": {
        "nutrition": 2,
        "saturation": 1.2,
        "can_always_eat": true,
        "eat_seconds": 1.61
      }
    }
  }
}