{
  "type": "minecraft:campfire_cooking",
  "category": "food",
  "cookingtime": 900,
  "experience": 0.5,
  "ingredient": {
    "fabric:type": "fabric:components",
    "base": {
      "item": "minecraft:cooked_beef"
    },
    "components": {
      "minecraft:custom_model_data": 8,
      "minecraft:item_name": "\"Clawitzer Pincer\"",
      "minecraft:food": {
        "nutrition": 4,
        "saturation": 2.4,
        "can_always_eat": true,
        "eat_seconds": 1.61,
        "effects": []
      }
    },
    "strict": false
  },
  "result": {
    "id": "minecraft:cooked_beef",
    "components": {
      "minecraft:custom_model_data": 9,
      "minecraft:item_name": "\"Cooked Clawitzer Pincer\"",
      "minecraft:food": {
        "nutrition": 8,
        "saturation": 4.8,
        "can_always_eat": true,
        "eat_seconds": 1.61
      }
    }
  }
}