{
    "type": "minecraft:crafting_shapeless",
    "ingredients": [
      {
        "fabric:type": "fabric:components",
        "base": { 
          "item":"minecraft:phantom_membrane"
      },
        "components": {
                "minecraft:custom_model_data": 7,
                "minecraft:item_name": "\"Cottonee Fluff\""
              },
        "strict": false
      },
      {
        "fabric:type": "fabric:components",
        "base": { 
          "item":"minecraft:phantom_membrane"
      },
        "components": {
                "minecraft:custom_model_data": 7,
                "minecraft:item_name": "\"Cottonee Fluff\""
              },
        "strict": false
      },
      {
        "fabric:type": "fabric:components",
        "base": { 
          "item":"minecraft:phantom_membrane"
      },
        "components": {
                "minecraft:custom_model_data": 7,
                "minecraft:item_name": "\"Cottonee Fluff\""
              },
        "strict": false
      },
      {
        "fabric:type": "fabric:components",
        "base": { 
          "item":"minecraft:phantom_membrane"
      },
        "components": {
                "minecraft:custom_model_data": 7,
                "minecraft:item_name": "\"Cottonee Fluff\""
              },
        "strict": false
      }
    ],
    "result": {
      "id": "minecraft:white_wool",
    "count": 1
  }
  }