{
  "type": "minecraft:smelting",
  "category": "food",
  "cookingtime": 200,
  "experience": 0.35,
  "ingredient": 
    {
      "fabric:type": "fabric:components",
      "base":{
      "item": "minecraft:cooked_beef"
      },
     "components": {
                "minecraft:custom_model_data": 11,
                "minecraft:item_name": "\"Crabrawler Pincer\"",
                "minecraft:food": {
                  "nutrition": 2,
                  "saturation": 1.2,
                  "can_always_eat": true,
                  "eat_seconds": 1.61,
                  "effects": []
                }
              },
      
      
      "strict": false
    }
  ,
  "result": {
    "id": "minecraft:cooked_beef",
    "components": {
      "minecraft:custom_model_data": 12,
      "minecraft:item_name": "\"Cooked Crabrawler Pincer\"",
      "minecraft:food": {
        "nutrition": 4,
        "saturation": 2.4,
        "can_always_eat": true,
        "eat_seconds": 1.61
      }
    }
  }
}