{
  "type": "minecraft:smoking",
  "category": "food",
  "cookingtime": 25,
  "experience": 0.35,
  "ingredient": 
  {
    "fabric:type": "fabric:components",
    "base":{
    "item": "minecraft:cooked_beef"
    },
  "components": {
              "minecraft:custom_model_data": 35,
              "minecraft:item_name": "\"Petilil Leaf\"",
              "minecraft:food": {
                "nutrition": 1,
                "saturation": 1.5,
                "can_always_eat": true,
                "eat_seconds": 1.61,
                "effects": []
              }
            },
    
    
    "strict": false
  }
  ,
  "result": {
    "id": "minecraft:phantom_membrane",
    "components": {
      "minecraft:custom_model_data": 9,
      "minecraft:item_name": "\"Dried Petilil Leaf\""
    }
  }
}