{
    "type": "minecraft:crafting_shaped",
    "category": "misc",
    "group": "fragrantflowercrown",
    "key": {
        "S": {
            "item": "minecraft:string"
        },
        "R": {
            "fabric:type": "fabric:components",
            "base": {
                "item": "minecraft:phantom_membrane"
            },
           "components": {
                "minecraft:custom_model_data": 3,
                "minecraft:item_name": "\"Red Comfey Flower\""
              }
        },
        "W": {
            "fabric:type": "fabric:components",
            "base": {
                "item": "minecraft:phantom_membrane"
            },
           "components": {
                "minecraft:custom_model_data": 4,
                "minecraft:item_name": "\"White Comfey Flower\""
              }
        },
        "Y": {
            "fabric:type": "fabric:components",
            "base": {
                "item": "minecraft:phantom_membrane"
            },
           "components": {
                "minecraft:custom_model_data": 5,
                "minecraft:item_name": "\"Yellow Comfey Flower\""
              }
        },
        "P": {
            "fabric:type": "fabric:components",
            "base": {
                "item": "minecraft:phantom_membrane"
            },
           "components": {
                "minecraft:custom_model_data": 6,
                "minecraft:item_name": "\"Pink Comfey Flower\""
              }
        }
    },
    "pattern": [
        "RWP",
        "YSY",
        "PWR"

    ],
   "result": {
        "id": "minecraft:carved_pumpkin",
        "count": 1,
       "components": {
           "minecraft:custom_model_data": 764,
           "minecraft:item_name": "\"Fragrant Flower Crown\"",
           "minecraft:custom_data": {
        "effects": [
          {
            "id": "regeneration",
            "duration": 4,
            "amplifier": 1,
            "hide_particles":"true"

          }
        ]
      }
       }
   }
}