{
  "type": "minecraft:smoking",
  "category": "food",
  "cookingtime": 120,
  "experience": 0.35,
  "ingredient": {
    "fabric:type": "fabric:components",
    "base": {
      "item": "minecraft:cooked_beef"
    },
    "components": {
      "minecraft:custom_model_data": 18,
      "minecraft:item_name": "\"Klawf Claw\"",
      "minecraft:food": {
        "nutrition": 3,
        "saturation": 1.8,
        "can_always_eat": true,
        "eat_seconds": 1.61,
        "effects": []
      }
    },
    "strict": false
  },
  "result": {
    "id": "minecraft:cooked_beef",
    "components": {
      "minecraft:custom_model_data": 19,
      "minecraft:item_name": "\"Cooked Klawf Claw\"",
      "minecraft:food": {
        "nutrition": 5,
        "saturation": 3.5,
        "can_always_eat": true,
        "eat_seconds": 1.61
      }
    }
  }
}