{
    "type": "minecraft:crafting_shaped",
    "category": "misc",
    "group": "moistdough",
    "key": {
        "E": {
            "item": "minecraft:egg"
        },
        "W": {
            "item": "minecraft:wheat"
        },
        "Y": {
            "fabric:type": "fabric:components",
            "base": { 
              "item":"minecraft:phantom_membrane"
          },
            "components": {
                    "minecraft:custom_model_data": 1,
                    "minecraft:item_name": "\"Fidough Yeast\""
                  },
            "strict": false
          }
    },
    "pattern": [
        " Y ",
        "WEW",
        " Y "

    ],
    "result": {
        "id": "minecraft:cooked_beef",
        "count": 1,
        "components": {
            "minecraft:custom_model_data": 31,
            "minecraft:item_name": "\"Moist Dough\"",
            "minecraft:food": {
                "nutrition": 4,
                "saturation": 2.4,
                "can_always_eat": true,
                "eat_seconds": 1.61,
                "effects": []
              }
        }
    }
}
    
   
   