{
    "type": "minecraft:crafting_shaped",
    "category": "misc",
    "group": "murkyteabag",
    "key": {
        "S": {
            "item": "minecraft:string"
        },
        "B": {
            "fabric:type": "fabric:components",
            "base": {
                "item": "minecraft:phantom_membrane"
            },
           "components": {
                "minecraft:custom_model_data": 10,
                "minecraft:item_name": "\"Dried Phantump Leaf\""
              },
              "strict": false
        }
    },
    "pattern": [
        " B ",
        "BSB",
        " B "

    ],
    "result": {
        "id": "minecraft:phantom_membrane",
        "count": 1,
       "components": {
           "minecraft:custom_model_data": 12,
           "minecraft:item_name": "\"Murky Tea Bag\""
       }
   }
}