{
  "type": "minecraft:crafting_shapeless",
  "ingredients": [
   {
      "fabric:type": "fabric:components",
      "base": {
        "item":"minecraft:phantom_membrane"
      },
      "components": {
              "minecraft:custom_model_data": 12,
              "minecraft:item_name": "\"Murky Tea Bag\""
            },
      "strict": false
    },
    {
      "fabric:type": "fabric:components",
      "base": {
        "item":"minecraft:potion"
      },
      "components": {
              "minecraft:potion_contents": {
        "potion": "minecraft:water"
      }
            }
    }
  ],
  "result": {
    "id": "minecraft:honey_bottle",
    "components": {
       "minecraft:custom_model_data": 1,
      "minecraft:item_name": "\"Murky Tea\"",
      "minecraft:custom_data": {
        "effects": [
          {
            "id": "resistance",
            "amplifier": 1
          }
        ],
        "clear_effects": [
          {
            "id": "blindness"
          },
          {
            "id": "poison"
          },
          {
            "id": "darkness"
          },
          {
            "id": "hunger"
          },
          {
            "id": "infested"
          },
          {
            "id": "nausea"
          },
          {
            "id": "mining_fatigue"
          },
          {
            "id": "slowness"
          },
          {
            "id": "unluck"
          },
          {
            "id": "slow_falling"
          },
          {
            "id": "weakness"
          },
          {
            "id": "wither"
          }
        ]
      }
    }
  }


}