{
    "type": "minecraft:crafting_shapeless",
    "ingredients": [
     {
        "fabric:type": "fabric:components",
        "base": {
          "item":"minecraft:cooked_beef"
      },
        "components": {
                "minecraft:custom_model_data": 33,
                "minecraft:item_name": "\"Ribombee Pollen\"",
                "minecraft:food": {
                  "nutrition": 1,
                  "saturation": 1,
                  "can_always_eat": true,
                  "eat_seconds": 1.61,
                  "effects": []
                }
              },
        "strict": false
      },
      {
        "fabric:type": "fabric:components",
        "base": {
          "item":"minecraft:cooked_beef"
      },
        "components": {
                "minecraft:custom_model_data": 33,
                "minecraft:item_name": "\"Ribombee Pollen\"",
                "minecraft:food": {
                  "nutrition": 1,
                  "saturation": 1,
                  "can_always_eat": true,
                  "eat_seconds": 1.61,
                  "effects": []
                }
              },
        "strict": false
      },

      {
        "fabric:type": "fabric:components",
        "base": {
          "item":"minecraft:cooked_beef"
      },
        "components": {
                "minecraft:custom_model_data": 33,
                "minecraft:item_name": "\"Ribombee Pollen\"",
                "minecraft:food": {
                  "nutrition": 1,
                  "saturation": 1,
                  "can_always_eat": true,
                  "eat_seconds": 1.61,
                  "effects": []
                }
              },
        "strict": false
      },

      {
        "fabric:type": "fabric:components",
        "base": {
          "item":"minecraft:cooked_beef"
      },
        "components": {
                "minecraft:custom_model_data": 33,
                "minecraft:item_name": "\"Ribombee Pollen\"",
                "minecraft:food": {
                  "nutrition": 1,
                  "saturation": 1,
                  "can_always_eat": true,
                  "eat_seconds": 1.61,
                  "effects": []
                }
              },
        "strict": false
      },

      {
        "fabric:type": "fabric:components",
        "base": {
          "item":"minecraft:cooked_beef"
      },
        "components": {
                "minecraft:custom_model_data": 33,
                "minecraft:item_name": "\"Ribombee Pollen\"",
                "minecraft:food": {
                  "nutrition": 1,
                  "saturation": 1,
                  "can_always_eat": true,
                  "eat_seconds": 1.61,
                  "effects": []
                }
              },
        "strict": false
      },

      {
        "fabric:type": "fabric:components",
        "base": {
          "item":"minecraft:cooked_beef"
      },
        "components": {
                "minecraft:custom_model_data": 33,
                "minecraft:item_name": "\"Ribombee Pollen\"",
                "minecraft:food": {
                  "nutrition": 1,
                  "saturation": 1,
                  "can_always_eat": true,
                  "eat_seconds": 1.61,
                  "effects": []
                }
              },
        "strict": false
      },

      {
        "fabric:type": "fabric:components",
        "base": {
          "item":"minecraft:cooked_beef"
      },
        "components": {
                "minecraft:custom_model_data": 33,
                "minecraft:item_name": "\"Ribombee Pollen\"",
                "minecraft:food": {
                  "nutrition": 1,
                  "saturation": 1,
                  "can_always_eat": true,
                  "eat_seconds": 1.61,
                  "effects": []
                }
              },
        "strict": false
      },
      {
        "fabric:type": "fabric:components",
        "base": {
          "item":"minecraft:cooked_beef"
      },
        "components": {
                "minecraft:custom_model_data": 33,
                "minecraft:item_name": "\"Ribombee Pollen\"",
                "minecraft:food": {
                  "nutrition": 1,
                  "saturation": 1,
                  "can_always_eat": true,
                  "eat_seconds": 1.61,
                  "effects": []
                }
              },
        "strict": false
      },
      {
        "fabric:type": "fabric:components",
        "base": {
          "item":"minecraft:cooked_beef"
      },
        "components": {
                "minecraft:custom_model_data": 33,
                "minecraft:item_name": "\"Ribombee Pollen\"",
                "minecraft:food": {
                  "nutrition": 1,
                  "saturation": 1,
                  "can_always_eat": true,
                  "eat_seconds": 1.61,
                  "effects": []
                }
              },
        "strict": false
      }


    ],
    "result": {
      "id": "minecraft:cooked_beef",
      "count": 1,
        "components": {
            "minecraft:custom_model_data": 34,
            "minecraft:item_name": "\"Pollen Puff\"",
            "minecraft:food": {
                "nutrition": 4,
                "saturation": 3,
                "can_always_eat": true,
                "eat_seconds": 1.61,
                "effects": []
              }
        }
      }
    
  }