{
  "type": "minecraft:campfire_cooking",
  "category": "food",
  "cookingtime": 600,
  "experience": 0.35,
  "ingredient": 
    {
      "fabric:type": "fabric:components",
      "base":{
      "item": "minecraft:cooked_beef"
      },
      "components": {
        "minecraft:custom_model_data": 2,
        "minecraft:item_name": "\"Slowpoke Tail\"",
        "minecraft:food": {
          "nutrition": 2,
          "saturation": 2,
          "can_always_eat": true,
          "eat_seconds": 1.61
        }
      },
      
      
      "strict": false
    }
    ,
    "result": {
      "id": "minecraft:cooked_beef",
      "components": {
        "minecraft:custom_model_data": 3,
        "minecraft:item_name": "\"Roasted Slowpoke Tail\"",
        "minecraft:food": {
          "nutrition": 4,
          "saturation": 3.6,
          "can_always_eat": true,
          "eat_seconds": 1.61
        }
      }
    }
  }