{
  "type": "minecraft:smelting",
  "category": "food",
  "cookingtime": 160,
  "experience": 0.35,
  "ingredient": {
    "fabric:type": "fabric:components",
    "base": {
      "item": "minecraft:cooked_beef"
    },
    "components": {
      "minecraft:custom_model_data": 20,
      "minecraft:item_name": "\"Veluza Meat\"",
      "minecraft:food": {
        "nutrition": 2,
        "saturation": 2.2,
        "can_always_eat": true,
        "eat_seconds": 1.61,
        "effects": []
      }
    },
    "strict": false
  },
  "result": {
    "id": "minecraft:cooked_beef",
    "components": {
      "minecraft:custom_model_data": 21,
      "minecraft:item_name": "\"Cooked Veluza Meat\"",
      "minecraft:food": {
        "nutrition": 4,
        "saturation": 4,
        "can_always_eat": true,
        "eat_seconds": 1.61
      }
    }
  }
}