{
  "type": "minecraft:campfire_cooking",
  "category": "food",
  "cookingtime": 600,
  "experience": 0.35,
  "ingredient": {
    "fabric:type": "fabric:components",
    "base": {
      "item": "minecraft:cooked_beef"
    },
    "components": {
      "minecraft:custom_model_data": 31,
      "minecraft:item_name": "\"Moist Dough\"",
     "minecraft:food": {
                "nutrition": 4,
                "saturation": 2.4,
                "can_always_eat": true,
                "eat_seconds": 1.61,
                "effects": []
              }
    },
    "strict": false
  },
  "result": {
    "id": "minecraft:cooked_beef",
    "components": {
      "minecraft:custom_model_data": 32,
      "minecraft:item_name": "\"Well Baked Bun\"",
      "minecraft:food": {
        "nutrition": 7,
        "saturation": 5,
        "can_always_eat": true,
        "eat_seconds": 1.61
      }
    }
  }
}